timestamp,mac,ssid,rssi
2026-02-23 23:08:27.408602,66:65:b0:d8:2b:6b,UCR-SECURE,-83
2026-02-23 23:08:27.611795,66:65:b0:d8:2b:6b,UCR-SECURE,-83
2026-02-23 23:08:27.768017,ee:55:ad:c0:73:69,<Broadcast>,-65
2026-02-23 23:08:31.291790,8e:1c:29:38:70:59,<Broadcast>,-59
2026-02-23 23:08:31.337586,8e:1c:29:38:70:59,<Broadcast>,-49
2026-02-23 23:08:31.361701,8e:1c:29:38:70:59,<Broadcast>,-51
2026-02-23 23:08:31.381990,8e:1c:29:38:70:59,<Broadcast>,-48
2026-02-23 23:08:31.449347,8e:1c:29:38:70:59,<Broadcast>,-51
2026-02-23 23:08:34.511102,62:c4:96:bb:50:9e,<Broadcast>,-77
2026-02-23 23:08:34.528804,62:c4:96:bb:50:9e,<Broadcast>,-75
2026-02-23 23:08:35.536221,ae:d8:c6:b6:cd:24,<Broadcast>,-64
2026-02-23 23:08:35.543809,ae:d8:c6:b6:cd:24,<Broadcast>,-64
2026-02-23 23:08:37.399604,fe:8d:ae:51:6e:3e,UCR-SECURE,-61
2026-02-23 23:08:39.942554,1e:8b:d6:12:37:30,<Broadcast>,-64
2026-02-23 23:08:39.961033,1e:8b:d6:12:37:30,<Broadcast>,-64
2026-02-23 23:08:40.065005,5e:58:41:09:bb:31,<Broadcast>,-71
2026-02-23 23:08:40.468281,42:07:6e:31:61:ed,<Broadcast>,-68
2026-02-23 23:08:40.487269,42:07:6e:31:61:ed,<Broadcast>,-69
2026-02-23 23:08:40.796651,42:20:16:e3:cd:f3,UCR-SECURE,-61
2026-02-23 23:08:41.122447,42:20:16:e3:cd:f3,UCR-SECURE,-59
2026-02-23 23:08:41.143703,42:20:16:e3:cd:f3,UCR-SECURE,-59
2026-02-23 23:08:41.215576,42:20:16:e3:cd:f3,UCR-SECURE,-61
2026-02-23 23:08:41.232589,42:20:16:e3:cd:f3,UCR-SECURE,-61
2026-02-23 23:08:41.517477,8e:63:a7:8e:f9:3f,UCR-SECURE,-82
2026-02-23 23:08:41.536385,5a:f2:1c:49:89:17,UCR-SECURE,-72
2026-02-23 23:08:41.552886,5a:f2:1c:49:89:17,UCR-SECURE,-75
2026-02-23 23:08:41.562548,5a:f2:1c:49:89:17,UCR-SECURE,-75
2026-02-23 23:08:41.695113,5a:f2:1c:49:89:17,UCR-SECURE,-74
2026-02-23 23:08:41.876269,46:7b:00:9e:c0:8e,<Broadcast>,-60
2026-02-23 23:08:43.553006,c0:35:32:6d:45:15,<Broadcast>,-60
2026-02-23 23:08:43.555498,c0:35:32:6d:45:15,<Broadcast>,-59
2026-02-23 23:08:43.805573,5a:f2:1c:49:89:17,UCR-SECURE,-75
2026-02-23 23:08:43.825572,5a:f2:1c:49:89:17,UCR-SECURE,-76
2026-02-23 23:08:43.974233,a6:aa:57:59:19:00,<Broadcast>,-67
2026-02-23 23:08:43.995413,a6:aa:57:59:19:00,<Broadcast>,-70
2026-02-23 23:08:44.196877,12:41:70:6d:9d:c7,<Broadcast>,-61
2026-02-23 23:08:44.335404,26:90:20:cb:29:74,<Broadcast>,-61
2026-02-23 23:08:44.969183,d4:d2:52:92:e6:bd,UCR-SECURE,-66
2026-02-23 23:08:45.385214,d4:d2:52:92:e6:bd,UCR-SECURE,-62
2026-02-23 23:08:45.434305,d4:d2:52:92:e6:bd,UCR-SECURE,-58
2026-02-23 23:08:45.437774,d4:d2:52:92:e6:bd,UCR-SECURE,-62
2026-02-23 23:08:46.369839,da:5b:bb:b7:fa:0b,<Broadcast>,-56
2026-02-23 23:08:46.378696,da:5b:bb:b7:fa:0b,<Broadcast>,-56
2026-02-23 23:08:47.656692,fe:8d:ae:51:6e:3e,UCR-SECURE,-60
2026-02-23 23:08:47.677347,fe:8d:ae:51:6e:3e,UCR-SECURE,-61
2026-02-23 23:08:47.739899,62:c4:96:bb:50:9e,<Broadcast>,-77
2026-02-23 23:08:47.759406,62:c4:96:bb:50:9e,<Broadcast>,-79
2026-02-23 23:08:47.793517,fe:8d:ae:51:6e:3e,UCR-SECURE,-60
2026-02-23 23:08:47.991283,fe:8d:ae:51:6e:3e,UCR-SECURE,-65
2026-02-23 23:08:48.011250,fe:8d:ae:51:6e:3e,UCR-SECURE,-59
2026-02-23 23:08:48.151639,fe:8d:ae:51:6e:3e,UCR-SECURE,-69
2026-02-23 23:08:48.782231,9e:fb:24:37:80:09,<Broadcast>,-77
2026-02-23 23:08:48.802873,9e:fb:24:37:80:09,<Broadcast>,-78
2026-02-23 23:08:48.830348,4a:24:88:90:0a:ca,<Broadcast>,-72
2026-02-23 23:08:48.893031,56:f2:1e:f3:77:cd,<Broadcast>,-71
2026-02-23 23:08:48.942773,7e:a6:0d:d2:0a:03,<Broadcast>,-65
2026-02-23 23:08:52.429732,52:34:0b:38:17:bd,<Broadcast>,-51
2026-02-23 23:08:52.449019,52:34:0b:38:17:bd,<Broadcast>,-52
2026-02-23 23:08:52.522330,72:6c:b1:b9:a5:31,<Broadcast>,-58
2026-02-23 23:08:52.542856,72:6c:b1:b9:a5:31,<Broadcast>,-58
2026-02-23 23:08:53.373275,e0:2e:0b:3b:99:e4,<Broadcast>,-61
2026-02-23 23:08:54.074409,42:45:36:f6:0f:b5,UCR-SECURE,-62
2026-02-23 23:08:54.752129,5e:0d:ab:98:a2:95,<Broadcast>,-73
2026-02-23 23:08:55.322424,86:de:7a:16:3b:51,<Broadcast>,-79
2026-02-23 23:09:01.006341,56:49:08:31:c6:20,<Broadcast>,-68
2026-02-23 23:09:01.025729,56:49:08:31:c6:20,<Broadcast>,-68
2026-02-23 23:09:02.085408,2a:2d:00:4f:04:d5,<Broadcast>,-59
2026-02-23 23:09:02.104729,2a:2d:00:4f:04:d5,<Broadcast>,-58
2026-02-23 23:09:02.425350,7a:24:a7:10:2f:22,<Broadcast>,-58
2026-02-23 23:09:02.451834,12:30:14:bd:b9:0b,<Broadcast>,-65
2026-02-23 23:09:02.470585,12:30:14:bd:b9:0b,<Broadcast>,-64
2026-02-23 23:09:02.760364,62:c4:96:bb:50:9e,<Broadcast>,-76
2026-02-23 23:09:02.780428,62:c4:96:bb:50:9e,<Broadcast>,-73
2026-02-23 23:09:08.466430,c8:89:f3:ae:0f:94,UCR-SECURE,-73
2026-02-23 23:09:09.802210,ba:82:4e:92:cd:99,<Broadcast>,-58
2026-02-23 23:09:09.822211,ba:82:4e:92:cd:99,<Broadcast>,-58
2026-02-23 23:09:13.522828,ae:67:85:ba:73:12,UCR-SECURE,-70
2026-02-23 23:09:13.540544,ae:67:85:ba:73:12,UCR-SECURE,-70
2026-02-23 23:09:13.620746,ae:67:85:ba:73:12,UCR-SECURE,-66
2026-02-23 23:09:13.639839,ae:67:85:ba:73:12,UCR-SECURE,-66
2026-02-23 23:09:15.349403,5a:f2:1c:49:89:17,UCR-SECURE,-73
2026-02-23 23:09:15.401207,2c:8d:b1:e3:0e:ef,UCR-GUEST,-67
2026-02-23 23:09:15.771285,6e:af:d8:5a:5d:61,<Broadcast>,-76
2026-02-23 23:09:15.796032,22:35:17:c7:ad:6d,<Broadcast>,-75
2026-02-23 23:09:15.815180,22:35:17:c7:ad:6d,<Broadcast>,-73
2026-02-23 23:09:15.840942,8a:de:1d:84:ed:56,<Broadcast>,-80
2026-02-23 23:09:15.862065,8a:de:1d:84:ed:56,<Broadcast>,-76
2026-02-23 23:09:18.145192,d4:d2:52:92:e6:bd,UCR-SECURE,-75
2026-02-23 23:09:18.509955,d4:d2:52:92:e6:bd,UCR-SECURE,-72
2026-02-23 23:09:18.610961,d4:d2:52:92:e6:bd,UCR-SECURE,-63
2026-02-23 23:09:18.613432,d4:d2:52:92:e6:bd,UCR-SECURE,-67
2026-02-23 23:09:19.293062,9a:2d:74:a2:d0:77,<Broadcast>,-71
2026-02-23 23:09:19.314709,9a:2d:74:a2:d0:77,<Broadcast>,-69
2026-02-23 23:09:19.340732,1a:a5:e6:1b:6e:7c,<Broadcast>,-76
2026-02-23 23:09:21.297231,32:a4:54:2c:55:f3,<Broadcast>,-68
2026-02-23 23:09:22.819290,ea:96:24:47:8c:c0,<Broadcast>,-84
2026-02-23 23:09:23.928155,4a:3d:10:14:c3:97,<Broadcast>,-84
2026-02-23 23:09:24.175244,4a:05:09:e2:5a:03,<Broadcast>,-85
2026-02-23 23:09:25.554194,2e:a9:8b:cd:9f:88,<Broadcast>,-58
2026-02-23 23:09:26.700266,a6:b0:45:e4:5d:5c,<Broadcast>,-58
2026-02-23 23:09:26.855414,d2:73:e0:d8:2a:b2,<Broadcast>,-60
2026-02-23 23:09:27.220494,32:7b:a2:0e:94:94,<Broadcast>,-86
2026-02-23 23:09:27.697317,02:e6:d4:0f:2c:80,<Broadcast>,-75
2026-02-23 23:09:30.682419,2a:10:a5:cf:2b:d1,<Broadcast>,-84
2026-02-23 23:09:30.688760,2a:10:a5:cf:2b:d1,<Broadcast>,-82
2026-02-23 23:09:33.138163,6a:8f:44:80:2b:cd,UCR-SECURE,-79
2026-02-23 23:09:33.333203,6a:8f:44:80:2b:cd,UCR-SECURE,-77
2026-02-23 23:09:33.696616,b6:ab:d0:1a:e7:c6,<Broadcast>,-60
2026-02-23 23:09:33.715640,b6:ab:d0:1a:e7:c6,<Broadcast>,-59
2026-02-23 23:09:33.988201,62:c4:96:bb:50:9e,<Broadcast>,-75
2026-02-23 23:09:34.857088,b2:1a:b3:e0:ee:41,<Broadcast>,-79
2026-02-23 23:09:37.704546,66:65:b0:d8:2b:6b,UCR-SECURE,-83
2026-02-23 23:09:39.147603,ba:86:ba:f8:63:cd,<Broadcast>,-60
2026-02-23 23:09:39.231160,e2:1f:69:29:c3:80,<Broadcast>,-66
2026-02-23 23:09:39.413148,3a:af:2a:3a:d6:d3,<Broadcast>,-58
2026-02-23 23:09:39.432647,3a:af:2a:3a:d6:d3,<Broadcast>,-61
2026-02-23 23:09:39.480783,56:48:bc:9f:89:83,<Broadcast>,-76
2026-02-23 23:09:39.506579,82:5a:96:4f:96:48,<Broadcast>,-62
2026-02-23 23:09:39.525877,82:5a:96:4f:96:48,<Broadcast>,-60
2026-02-23 23:09:39.530625,66:d1:96:83:83:13,<Broadcast>,-80
2026-02-23 23:09:39.551629,66:d1:96:83:83:13,<Broadcast>,-77
2026-02-23 23:09:43.196147,1a:16:9f:75:ad:9a,<Broadcast>,-62
2026-02-23 23:09:43.214647,1a:16:9f:75:ad:9a,<Broadcast>,-62
2026-02-23 23:09:43.440851,86:67:dd:b6:63:e6,<Broadcast>,-57
2026-02-23 23:09:43.448666,86:67:dd:b6:63:e6,<Broadcast>,-57
2026-02-23 23:09:45.926169,f6:be:ab:ac:f4:5e,<Broadcast>,-57
2026-02-23 23:09:46.194782,ce:d9:8c:1d:ec:c1,<Broadcast>,-54
2026-02-23 23:09:46.213395,ce:d9:8c:1d:ec:c1,<Broadcast>,-55
2026-02-23 23:09:46.465318,c6:08:fa:22:b4:60,<Broadcast>,-58
2026-02-23 23:09:46.479258,c6:08:fa:22:b4:60,<Broadcast>,-57
2026-02-23 23:09:47.250482,3e:ef:02:52:7c:72,<Broadcast>,-83
2026-02-23 23:09:47.520541,12:71:57:8f:7c:76,<Broadcast>,-54
2026-02-23 23:09:47.699982,de:c1:c1:51:40:c3,SpectrumSetup-3D,-39
2026-02-23 23:09:47.708237,9a:0a:6a:44:98:bb,UCR-SECURE,-37
2026-02-23 23:09:47.711447,d6:16:96:aa:b7:ac,linksysbuch,-38
2026-02-23 23:09:47.713384,02:cc:e9:60:38:d3,La La Land,-38
2026-02-23 23:09:47.715095,b6:ef:fe:6e:dc:a4,<Broadcast>,-38
2026-02-23 23:09:47.926294,82:0c:6c:ac:91:25,<Broadcast>,-60
2026-02-23 23:09:47.964757,f2:b5:6d:a0:31:aa,SpectrumSetup-3D,-43
2026-02-23 23:09:47.980650,42:19:1e:0b:79:4d,UCR-SECURE,-43
2026-02-23 23:09:48.004249,12:f8:97:b2:d5:84,<Broadcast>,-63
2026-02-23 23:09:48.024596,12:f8:97:b2:d5:84,<Broadcast>,-64
2026-02-23 23:09:48.026372,ae:05:39:75:82:21,<Broadcast>,-35
2026-02-23 23:09:48.046157,5a:d0:f2:cf:41:22,SpectrumSetup-3D,-35
2026-02-23 23:09:48.054131,96:00:76:2e:5c:5d,UCR-SECURE,-34
2026-02-23 23:09:48.056319,2e:f8:b5:2f:ae:3d,La La Land,-34
2026-02-23 23:09:48.057829,5e:69:4d:6f:93:3a,SpectrumSetup-3D,-34
2026-02-23 23:09:48.059274,e2:55:49:58:3e:e8,linksysbuch,-36
2026-02-23 23:09:48.160432,8e:98:00:e7:c2:65,<Broadcast>,-60
2026-02-23 23:09:48.162869,9a:21:01:57:d4:c8,<Broadcast>,-52
2026-02-23 23:09:48.178581,8e:98:00:e7:c2:65,<Broadcast>,-58
2026-02-23 23:09:48.239083,9a:21:01:57:d4:c8,<Broadcast>,-52
2026-02-23 23:09:48.469489,26:20:66:db:9d:8b,<Broadcast>,-60
2026-02-23 23:09:48.521653,96:86:c4:ed:db:69,<Broadcast>,-53
2026-02-23 23:09:48.601478,96:86:c4:ed:db:69,<Broadcast>,-53
2026-02-23 23:09:48.622331,36:5c:ef:75:61:bf,<Broadcast>,-60
2026-02-23 23:09:48.660903,36:5c:ef:75:61:bf,<Broadcast>,-59
2026-02-23 23:09:48.956014,b2:1d:3e:9c:4a:09,<Broadcast>,-58
2026-02-23 23:09:49.011012,b2:1d:3e:9c:4a:09,<Broadcast>,-58
2026-02-23 23:09:49.812139,0e:59:cf:5d:79:a1,<Broadcast>,-66
2026-02-23 23:09:49.830850,0e:59:cf:5d:79:a1,<Broadcast>,-66
2026-02-23 23:09:49.845200,5e:79:72:de:e4:2b,<Broadcast>,-55
2026-02-23 23:09:49.901157,5e:79:72:de:e4:2b,<Broadcast>,-55
2026-02-23 23:09:50.194899,9a:22:49:69:b6:76,<Broadcast>,-58
2026-02-23 23:09:50.870791,06:4c:3d:d4:3c:44,UCR-SECURE,-36
2026-02-23 23:09:51.056834,06:4c:3d:d4:3c:44,UCR-SECURE,-35
2026-02-23 23:09:51.145669,06:4c:3d:d4:3c:44,UCR-SECURE,-44
2026-02-23 23:09:51.191719,06:4c:3d:d4:3c:44,UCR-SECURE,-33
2026-02-23 23:09:55.424030,6e:c6:37:28:c8:56,<Broadcast>,-55
2026-02-23 23:09:55.478196,6e:c6:37:28:c8:56,<Broadcast>,-56
2026-02-23 23:09:55.540184,5e:51:1b:7a:0e:13,<Broadcast>,-57
2026-02-23 23:09:55.601244,5e:51:1b:7a:0e:13,<Broadcast>,-58
2026-02-23 23:09:56.476352,3e:ef:02:52:7c:72,<Broadcast>,-84
2026-02-23 23:09:56.541209,fe:83:45:b4:58:32,<Broadcast>,-58
2026-02-23 23:09:56.596479,fe:83:45:b4:58:32,<Broadcast>,-59
2026-02-23 23:09:57.237979,e6:87:01:12:b6:2f,<Broadcast>,-51
2026-02-23 23:09:57.313495,e6:87:01:12:b6:2f,<Broadcast>,-51
2026-02-23 23:09:59.166665,50:5a:65:7e:e4:91,UCR-SECURE,-51
2026-02-23 23:09:59.169156,50:5a:65:7e:e4:91,UCR-SECURE,-50
2026-02-23 23:09:59.171166,50:5a:65:7e:e4:91,UCR-SECURE,-50
2026-02-23 23:09:59.175444,50:5a:65:7e:e4:91,UCR-SECURE,-49
2026-02-23 23:09:59.177489,50:5a:65:7e:e4:91,<Broadcast>,-52
2026-02-23 23:09:59.249470,50:5a:65:7e:e4:91,UCR-SECURE,-45
2026-02-23 23:09:59.251628,50:5a:65:7e:e4:91,UCR-SECURE,-47
2026-02-23 23:09:59.253383,50:5a:65:7e:e4:91,UCR-SECURE,-48
2026-02-23 23:09:59.254814,50:5a:65:7e:e4:91,UCR-SECURE,-46
2026-02-23 23:09:59.256148,50:5a:65:7e:e4:91,<Broadcast>,-46
2026-02-23 23:09:59.338596,50:5a:65:7e:e4:91,UCR-SECURE,-48
2026-02-23 23:09:59.341049,50:5a:65:7e:e4:91,UCR-SECURE,-48
2026-02-23 23:09:59.343208,50:5a:65:7e:e4:91,UCR-SECURE,-48
2026-02-23 23:09:59.344624,50:5a:65:7e:e4:91,UCR-SECURE,-48
2026-02-23 23:09:59.345885,50:5a:65:7e:e4:91,<Broadcast>,-48
2026-02-23 23:10:01.081348,ea:2a:34:ec:05:1b,<Broadcast>,-62
2026-02-23 23:10:02.532330,22:70:7a:f5:5e:e9,<Broadcast>,-50
2026-02-23 23:10:02.587810,22:70:7a:f5:5e:e9,<Broadcast>,-50
2026-02-23 23:10:02.649482,d2:bf:f6:96:ec:ab,<Broadcast>,-57
2026-02-23 23:10:02.704323,d2:bf:f6:96:ec:ab,<Broadcast>,-53
2026-02-23 23:10:02.829578,2a:b9:af:a8:a3:95,<Broadcast>,-85
2026-02-23 23:10:02.853802,ee:ae:70:b3:f8:e1,UCR-SECURE,-64
2026-02-23 23:10:02.937024,7a:e4:34:80:ec:e4,<Broadcast>,-68
2026-02-23 23:10:02.956390,7a:e4:34:80:ec:e4,<Broadcast>,-68
2026-02-23 23:10:03.186522,ee:ae:70:b3:f8:e1,UCR-SECURE,-60
2026-02-23 23:10:03.209501,ee:ae:70:b3:f8:e1,UCR-SECURE,-60
2026-02-23 23:10:03.325335,ee:ae:70:b3:f8:e1,UCR-SECURE,-61
2026-02-23 23:10:03.394820,6a:8f:44:80:2b:cd,UCR-SECURE,-76
2026-02-23 23:10:03.713059,de:4c:ef:0e:9a:39,<Broadcast>,-50
2026-02-23 23:10:04.347946,12:ce:82:17:38:8b,<Broadcast>,-48
2026-02-23 23:10:04.403341,12:ce:82:17:38:8b,<Broadcast>,-47
2026-02-23 23:10:06.082254,e8:c8:29:0b:f2:b6,UCR-SECURE,-55
2026-02-23 23:10:09.792143,8e:2f:9c:ae:63:69,<Broadcast>,-56
2026-02-23 23:10:09.811068,8e:2f:9c:ae:63:69,<Broadcast>,-55
2026-02-23 23:10:09.923555,8a:4f:b2:ba:cd:f8,<Broadcast>,-55
2026-02-23 23:10:09.942514,8a:4f:b2:ba:cd:f8,<Broadcast>,-56
2026-02-23 23:10:10.025379,e6:b6:cb:05:41:4a,<Broadcast>,-56
2026-02-23 23:10:10.044827,e6:b6:cb:05:41:4a,<Broadcast>,-56
2026-02-23 23:10:10.072083,ce:68:48:0b:8d:86,<Broadcast>,-60
2026-02-23 23:10:10.091219,ce:68:48:0b:8d:86,<Broadcast>,-53
2026-02-23 23:10:10.372140,fe:38:eb:63:11:2e,<Broadcast>,-64
2026-02-23 23:10:12.602187,82:d2:82:42:c8:2f,<Broadcast>,-57
2026-02-23 23:10:12.620196,82:d2:82:42:c8:2f,<Broadcast>,-56
2026-02-23 23:10:12.869931,ae:67:85:ba:73:12,UCR-SECURE,-70
2026-02-23 23:10:12.973337,a6:13:64:b0:c6:78,<Broadcast>,-58
2026-02-23 23:10:13.281867,72:68:00:5b:d6:8a,<Broadcast>,-57
2026-02-23 23:10:13.310193,72:68:00:5b:d6:8a,<Broadcast>,-53
2026-02-23 23:10:13.626441,06:0f:50:80:47:1e,<Broadcast>,-55
2026-02-23 23:10:14.036882,96:88:30:46:65:4e,<Broadcast>,-46
2026-02-23 23:10:14.083825,c2:7b:0e:28:da:b4,<Broadcast>,-50
2026-02-23 23:10:14.103539,c2:7b:0e:28:da:b4,<Broadcast>,-51
2026-02-23 23:10:14.329431,d2:97:3a:51:c8:a5,<Broadcast>,-59
2026-02-23 23:10:14.442339,b2:46:b9:33:3e:d5,<Broadcast>,-55
2026-02-23 23:10:14.496292,b2:46:b9:33:3e:d5,<Broadcast>,-51
2026-02-23 23:10:17.100076,0e:fb:7f:a2:dd:9d,<Broadcast>,-61
2026-02-23 23:10:17.117700,0e:fb:7f:a2:dd:9d,<Broadcast>,-62
2026-02-23 23:10:18.514265,7e:24:91:f2:b0:01,<Broadcast>,-69
2026-02-23 23:10:18.534298,7e:24:91:f2:b0:01,<Broadcast>,-70
2026-02-23 23:10:18.608683,32:f2:9b:90:cb:cc,<Broadcast>,-72
2026-02-23 23:10:18.628123,32:f2:9b:90:cb:cc,<Broadcast>,-71
2026-02-23 23:10:18.844330,f2:9c:7e:bd:be:7e,<Broadcast>,-64
2026-02-23 23:10:18.863280,f2:9c:7e:bd:be:7e,<Broadcast>,-63
2026-02-23 23:10:19.202385,ea:84:59:5b:d5:0a,<Broadcast>,-59
2026-02-23 23:10:19.212399,ea:84:59:5b:d5:0a,<Broadcast>,-60
2026-02-23 23:10:19.573359,12:47:81:96:c0:85,<Broadcast>,-58
2026-02-23 23:10:19.595295,12:47:81:96:c0:85,<Broadcast>,-60
2026-02-23 23:10:20.694101,f0:6e:0b:c6:ec:82,<Broadcast>,-67
2026-02-23 23:10:20.696945,f0:6e:0b:c6:ec:82,<Broadcast>,-67
2026-02-23 23:10:21.748713,e2:ee:1b:49:99:bc,<Broadcast>,-52
2026-02-23 23:10:23.115478,e6:c5:e6:1f:16:4e,UCR-SECURE,-74
2026-02-23 23:10:23.134470,e6:c5:e6:1f:16:4e,UCR-SECURE,-71
2026-02-23 23:10:23.273336,e6:c5:e6:1f:16:4e,UCR-SECURE,-70
2026-02-23 23:10:23.293227,e6:c5:e6:1f:16:4e,UCR-SECURE,-70
2026-02-23 23:10:24.528424,9e:bb:1e:c8:9a:cd,eduroam,-70
2026-02-23 23:10:24.579242,9e:bb:1e:c8:9a:cd,eduroam,-60
2026-02-23 23:10:24.631014,9e:bb:1e:c8:9a:cd,eduroam,-60
2026-02-23 23:10:24.696443,9e:bb:1e:c8:9a:cd,eduroam,-60
2026-02-23 23:10:26.848879,ce:aa:9c:f3:f4:23,<Broadcast>,-46
2026-02-23 23:10:26.867593,ce:aa:9c:f3:f4:23,<Broadcast>,-46
2026-02-23 23:10:30.022157,ce:e5:6b:08:fd:cd,<Broadcast>,-69
2026-02-23 23:10:30.040871,ce:e5:6b:08:fd:cd,<Broadcast>,-69
2026-02-23 23:10:30.741654,a6:14:ca:c5:87:e1,<Broadcast>,-78
2026-02-23 23:10:30.760924,a6:14:ca:c5:87:e1,<Broadcast>,-78
2026-02-23 23:10:31.581043,d4:d2:52:92:e6:bd,UCR-SECURE,-63
2026-02-23 23:10:32.105620,8e:1c:29:38:70:59,<Broadcast>,-63
2026-02-23 23:10:32.137404,8e:1c:29:38:70:59,<Broadcast>,-63
2026-02-23 23:10:32.157688,8e:1c:29:38:70:59,<Broadcast>,-64
2026-02-23 23:10:32.190642,8e:1c:29:38:70:59,<Broadcast>,-66
2026-02-23 23:10:32.961305,92:3a:74:4a:5c:d4,<Broadcast>,-63
2026-02-23 23:10:33.142267,4a:67:4a:80:ee:7a,<Broadcast>,-69
2026-02-23 23:10:33.188865,6a:e9:59:de:bf:a4,<Broadcast>,-55
2026-02-23 23:10:33.207822,6a:e9:59:de:bf:a4,<Broadcast>,-55
2026-02-23 23:10:33.655583,f8:b5:4d:66:d0:28,UCR-SECURE,-58
2026-02-23 23:10:34.380246,c2:6b:ea:90:6a:fd,<Broadcast>,-61
2026-02-23 23:10:34.399285,c2:6b:ea:90:6a:fd,<Broadcast>,-61
2026-02-23 23:10:34.448008,b2:95:b9:3a:05:a3,<Broadcast>,-65
2026-02-23 23:10:35.316767,3e:51:97:91:74:ce,<Broadcast>,-64
2026-02-23 23:10:35.337524,3e:51:97:91:74:ce,<Broadcast>,-63
2026-02-23 23:10:36.536447,56:7f:93:9c:49:09,<Broadcast>,-50
2026-02-23 23:10:36.556250,56:7f:93:9c:49:09,<Broadcast>,-52
2026-02-23 23:10:36.876912,42:86:f8:57:ad:9b,<Broadcast>,-56
2026-02-23 23:10:36.895994,42:86:f8:57:ad:9b,<Broadcast>,-51
2026-02-23 23:10:36.983460,6a:8f:44:80:2b:cd,UCR-SECURE,-85
2026-02-23 23:10:37.215984,4a:03:f0:49:eb:81,<Broadcast>,-52
2026-02-23 23:10:37.235653,4a:03:f0:49:eb:81,<Broadcast>,-51
2026-02-23 23:10:37.871399,aa:c6:99:0f:35:eb,<Broadcast>,-61
2026-02-23 23:10:37.889982,aa:c6:99:0f:35:eb,<Broadcast>,-60
2026-02-23 23:10:37.921790,02:6e:ce:bd:7f:0e,<Broadcast>,-57
2026-02-23 23:10:37.942013,02:6e:ce:bd:7f:0e,<Broadcast>,-58
2026-02-23 23:10:39.712013,e6:c5:e6:1f:16:4e,UCR-SECURE,-74
2026-02-23 23:10:39.962187,e6:c5:e6:1f:16:4e,UCR-SECURE,-72
2026-02-23 23:10:40.111955,96:6b:eb:dd:b9:57,<Broadcast>,-47
2026-02-23 23:10:40.131075,96:6b:eb:dd:b9:57,<Broadcast>,-46
2026-02-23 23:10:40.161466,e6:c5:e6:1f:16:4e,UCR-SECURE,-66
2026-02-23 23:10:40.181238,e6:c5:e6:1f:16:4e,UCR-SECURE,-63
2026-02-23 23:10:41.976640,de:c6:26:c2:4f:9e,UCR-SECURE,-72
2026-02-23 23:10:41.984172,de:c6:26:c2:4f:9e,UCR-SECURE,-72
2026-02-23 23:10:42.425956,fa:84:e8:1a:b4:8e,<Broadcast>,-64
2026-02-23 23:10:46.873882,0e:3d:fc:4f:02:6b,<Broadcast>,-71
2026-02-23 23:10:46.893382,0e:3d:fc:4f:02:6b,<Broadcast>,-69
2026-02-23 23:10:47.057935,c0:35:32:6d:45:15,<Broadcast>,-59
2026-02-23 23:10:47.060164,c0:35:32:6d:45:15,<Broadcast>,-59
2026-02-23 23:10:47.061941,c0:35:32:6d:45:15,<Broadcast>,-59
2026-02-23 23:10:50.804375,2e:be:f7:a3:39:ff,<Broadcast>,-66
2026-02-23 23:10:50.806431,e2:35:3b:40:57:1b,<Broadcast>,-66
2026-02-23 23:10:50.974861,4a:c3:ab:55:0b:bd,<Broadcast>,-61
2026-02-23 23:10:50.977114,56:00:23:b3:12:4b,<Broadcast>,-64
2026-02-23 23:10:51.056462,3e:c5:2e:ac:b3:06,<Broadcast>,-67
2026-02-23 23:10:51.058591,4a:c3:ab:55:0b:bd,<Broadcast>,-66
2026-02-23 23:10:51.848821,56:bb:f7:ab:20:04,<Broadcast>,-60
2026-02-23 23:10:52.125421,2a:9d:ec:aa:0f:de,<Broadcast>,-53
2026-02-23 23:10:52.383045,52:a6:36:bd:75:36,<Broadcast>,-56
2026-02-23 23:10:53.707642,62:c4:96:bb:50:9e,<Broadcast>,-67
2026-02-23 23:10:53.727714,62:c4:96:bb:50:9e,<Broadcast>,-67
2026-02-23 23:10:54.070322,9a:e4:7d:43:0b:6e,<Broadcast>,-66
2026-02-23 23:10:54.089204,9a:e4:7d:43:0b:6e,<Broadcast>,-65
2026-02-23 23:10:54.225291,ee:0b:9b:2b:e0:5e,UCR-SECURE,-71
2026-02-23 23:10:55.120862,de:e1:0c:4a:3c:84,<Broadcast>,-49
2026-02-23 23:10:55.141327,de:e1:0c:4a:3c:84,<Broadcast>,-50
2026-02-23 23:10:55.192829,32:5a:27:d1:e0:ff,<Broadcast>,-52
2026-02-23 23:10:55.241961,c6:37:b4:d4:cf:2b,<Broadcast>,-46
2026-02-23 23:10:55.244534,c6:37:b4:d4:cf:2b,<Broadcast>,-47
2026-02-23 23:10:58.239256,ee:f5:95:cf:25:3d,<Broadcast>,-57
2026-02-23 23:10:58.258443,26:84:32:e6:b4:0f,UCR-SECURE,-81
2026-02-23 23:10:58.275028,a2:52:e1:0a:a0:84,<Broadcast>,-62
2026-02-23 23:10:58.277655,26:84:32:e6:b4:0f,UCR-SECURE,-83
2026-02-23 23:10:58.295304,a2:52:e1:0a:a0:84,<Broadcast>,-63
2026-02-23 23:10:58.371021,4a:98:2e:73:0b:18,<Broadcast>,-57
2026-02-23 23:10:58.390687,4a:98:2e:73:0b:18,<Broadcast>,-59
2026-02-23 23:10:58.469774,26:84:32:e6:b4:0f,UCR-SECURE,-76
2026-02-23 23:10:58.552593,8a:b8:96:bc:7a:e9,<Broadcast>,-51
2026-02-23 23:10:58.580381,d6:b7:5e:24:fc:a0,<Broadcast>,-51
2026-02-23 23:10:58.584368,d6:b7:5e:24:fc:a0,<Broadcast>,-52
2026-02-23 23:10:58.704404,d2:5f:0d:bd:1b:72,<Broadcast>,-59
2026-02-23 23:10:58.708528,d2:5f:0d:bd:1b:72,<Broadcast>,-59
2026-02-23 23:10:59.255369,52:89:82:0f:58:d5,<Broadcast>,-80
2026-02-23 23:11:00.980958,56:38:41:34:d9:18,<Broadcast>,-78
2026-02-23 23:11:01.654729,fa:8f:7c:9d:d5:85,UCR-SECURE,-64
2026-02-23 23:11:01.673760,fa:8f:7c:9d:d5:85,UCR-SECURE,-63
2026-02-23 23:11:01.725537,a6:75:d1:dc:c7:9f,ESUHSD,-84
2026-02-23 23:11:01.810058,62:c4:96:bb:50:9e,<Broadcast>,-73
2026-02-23 23:11:01.830431,62:c4:96:bb:50:9e,<Broadcast>,-73
2026-02-23 23:11:03.239660,46:b7:56:d2:c9:dc,UCR-SECURE,-84
2026-02-23 23:11:03.911154,aa:b2:c3:19:93:46,<Broadcast>,-80
2026-02-23 23:11:06.324823,ba:ed:54:db:ae:13,UCR-SECURE,-85
2026-02-23 23:11:06.353869,da:74:7b:cf:37:18,UCR-SECURE,-86
2026-02-23 23:11:07.021637,26:84:32:e6:b4:0f,UCR-SECURE,-87
2026-02-23 23:11:07.087296,ca:74:e1:11:18:e8,<Broadcast>,-62
2026-02-23 23:11:07.258903,1e:30:60:eb:06:93,UCR-SECURE,-69
2026-02-23 23:11:07.426276,7c:b5:66:a2:da:f5,UCR-SECURE,-62
2026-02-23 23:11:10.506223,ba:67:76:87:88:fd,UCR-SECURE,-84
2026-02-23 23:11:10.598162,12:1d:36:94:17:0c,<Broadcast>,-57
2026-02-23 23:11:10.620085,12:1d:36:94:17:0c,<Broadcast>,-57
2026-02-23 23:11:10.723061,ae:67:85:ba:73:12,UCR-SECURE,-56
2026-02-23 23:11:10.744141,ae:67:85:ba:73:12,UCR-SECURE,-57
2026-02-23 23:11:11.196439,7e:63:f1:98:ee:71,<Broadcast>,-84
2026-02-23 23:11:11.216588,7e:63:f1:98:ee:71,<Broadcast>,-82
2026-02-23 23:11:11.391358,6a:b4:7a:a0:6c:6d,<Broadcast>,-69
2026-02-23 23:11:11.401156,6a:d1:83:61:c8:f6,<Broadcast>,-80
2026-02-23 23:11:11.410418,6a:b4:7a:a0:6c:6d,<Broadcast>,-69
2026-02-23 23:11:13.060928,a2:9d:6d:d8:e7:d3,<Broadcast>,-62
2026-02-23 23:11:14.220289,e2:f4:17:92:37:b7,<Broadcast>,-61
2026-02-23 23:11:14.316269,22:6e:4e:b0:1b:c1,<Broadcast>,-82
2026-02-23 23:11:14.497598,da:c6:f3:a1:63:02,<Broadcast>,-74
2026-02-23 23:11:14.849602,1e:30:60:eb:06:93,UCR-SECURE,-66
2026-02-23 23:11:14.990023,ee:9d:33:cc:bc:e2,UCR-SECURE,-84
2026-02-23 23:11:14.992798,a6:34:fc:33:0f:f6,UCR-SECURE,-87
2026-02-23 23:11:15.084760,e6:c5:e6:1f:16:4e,UCR-SECURE,-72
2026-02-23 23:11:15.104898,e6:c5:e6:1f:16:4e,UCR-SECURE,-72
2026-02-23 23:11:15.541932,c2:4a:10:38:41:92,TMobileWingman,-83
2026-02-23 23:11:15.545033,1a:35:0f:28:53:74,<Broadcast>,-84
2026-02-23 23:11:15.617173,46:c8:4d:8f:e1:e6,<Broadcast>,-81
2026-02-23 23:11:15.682433,da:ff:57:67:df:48,UCR-SECURE,-71
2026-02-23 23:11:15.701812,da:ff:57:67:df:48,UCR-SECURE,-70
2026-02-23 23:11:15.704697,72:ee:d9:c0:c9:16,UCR-SECURE,-72
2026-02-23 23:11:18.339311,e6:c5:e6:1f:16:4e,UCR-SECURE,-80
2026-02-23 23:11:18.341126,e6:c5:e6:1f:16:4e,UCR-SECURE,-80
2026-02-23 23:11:21.128297,de:3d:75:e1:9a:a7,UCR-SECURE,-71
2026-02-23 23:11:21.205186,b2:c3:d6:4e:05:e4,UCR-SECURE,-76
2026-02-23 23:11:21.277300,36:76:88:00:be:11,UCR-SECURE,-80
2026-02-23 23:11:21.949649,9e:ea:26:b2:b9:ed,<Broadcast>,-63
2026-02-23 23:11:22.528979,12:b2:1f:19:89:24,UCR-SECURE,-65
2026-02-23 23:11:22.531410,3e:b3:f8:63:4c:10,UCR-SECURE,-65
2026-02-23 23:11:22.625151,a6:f8:77:ac:3a:26,UCR-SECURE,-61
2026-02-23 23:11:22.627586,de:e9:c0:69:56:aa,UCR-SECURE,-62
2026-02-23 23:11:24.410601,1e:30:60:eb:06:93,UCR-SECURE,-74
2026-02-23 23:11:24.430593,1e:30:60:eb:06:93,UCR-SECURE,-77
2026-02-23 23:11:25.878078,6a:97:22:12:77:b4,<Broadcast>,-74
2026-02-23 23:11:25.896883,6a:97:22:12:77:b4,<Broadcast>,-75
2026-02-23 23:11:26.970510,72:ee:d9:c0:c9:16,UCR-SECURE,-79
2026-02-23 23:11:26.989381,72:ee:d9:c0:c9:16,UCR-SECURE,-77
2026-02-23 23:11:27.076202,7e:86:c9:cc:f2:94,<Broadcast>,-70
2026-02-23 23:11:27.095658,7e:86:c9:cc:f2:94,<Broadcast>,-66
2026-02-23 23:11:29.335449,32:a6:97:cb:0f:66,<Broadcast>,-50
2026-02-23 23:11:29.354378,32:a6:97:cb:0f:66,<Broadcast>,-50
2026-02-23 23:11:30.637364,d6:a3:ec:c1:95:e6,UCR-SECURE,-81
2026-02-23 23:11:30.669199,d6:a3:ec:c1:95:e6,UCR-SECURE,-83
2026-02-23 23:11:31.199168,4e:96:61:e8:2d:73,UCR-SECURE,-56
2026-02-23 23:11:31.201734,22:c8:e2:5f:29:5d,UCR-SECURE,-58
2026-02-23 23:11:31.205945,b2:0b:eb:73:d9:2b,<Broadcast>,-52
2026-02-23 23:11:31.226698,b2:0b:eb:73:d9:2b,<Broadcast>,-50
2026-02-23 23:11:31.296273,e2:a5:a7:1d:fa:9b,<Broadcast>,-55
2026-02-23 23:11:31.316817,e2:a5:a7:1d:fa:9b,<Broadcast>,-50
2026-02-23 23:11:31.388066,de:81:e3:33:08:29,UCR-SECURE,-56
2026-02-23 23:11:31.390582,ae:36:84:f0:82:1f,UCR-SECURE,-57
2026-02-23 23:11:31.431782,2e:8c:35:d3:8c:4c,<Broadcast>,-58
2026-02-23 23:11:31.452542,2e:8c:35:d3:8c:4c,<Broadcast>,-59
2026-02-23 23:11:31.496192,de:5f:27:75:ad:0a,UCR-SECURE,-56
2026-02-23 23:11:31.874357,26:8a:4c:c6:12:ac,UCR-SECURE,-58
2026-02-23 23:11:31.942337,7e:ba:e2:3b:71:5f,UCR-SECURE,-59
2026-02-23 23:11:33.127667,e6:c5:e6:1f:16:4e,UCR-SECURE,-86
2026-02-23 23:11:34.753541,7a:62:7b:89:2d:a4,<Broadcast>,-74
2026-02-23 23:11:36.483201,8a:36:37:26:7d:60,<Broadcast>,-81
2026-02-23 23:11:36.501684,8a:36:37:26:7d:60,<Broadcast>,-81
2026-02-23 23:11:36.894829,52:9d:b8:ee:b3:9a,UCR-SECURE,-58
2026-02-23 23:11:36.897416,4e:e8:fe:78:e0:75,UCR-SECURE,-60
2026-02-23 23:11:38.444206,d4:d2:52:92:e6:bd,UCR-SECURE,-70
2026-02-23 23:11:38.699111,d4:d2:52:92:e6:bd,UCR-SECURE,-73
2026-02-23 23:11:38.713024,d4:d2:52:92:e6:bd,UCR-SECURE,-65
2026-02-23 23:11:38.716052,d4:d2:52:92:e6:bd,UCR-SECURE,-71
2026-02-23 23:11:41.054146,ca:1f:e5:dd:f6:43,<Broadcast>,-63
2026-02-23 23:11:41.062748,ca:1f:e5:dd:f6:43,<Broadcast>,-62
2026-02-23 23:11:41.940914,62:c4:96:bb:50:9e,<Broadcast>,-73
2026-02-23 23:11:43.386537,82:8b:e4:c0:54:5d,<Broadcast>,-64
2026-02-23 23:11:43.659113,9e:42:bd:f5:15:e0,<Broadcast>,-87
2026-02-23 23:11:43.896081,f2:7a:0c:4a:b9:14,<Broadcast>,-81
2026-02-23 23:11:45.983174,da:c7:f0:2f:86:52,TMobileWingman,-81
2026-02-23 23:11:46.002343,da:c7:f0:2f:86:52,TMobileWingman,-83
2026-02-23 23:11:46.004493,72:11:33:13:f6:74,<Broadcast>,-80
2026-02-23 23:11:47.204409,fe:48:22:b1:4a:52,UCR-SECURE,-85
2026-02-23 23:11:50.478193,86:b0:30:b2:9b:d1,<Broadcast>,-63
2026-02-23 23:11:50.812084,22:17:cb:50:72:bc,UCR-SECURE,-65
2026-02-23 23:11:50.814666,6a:b4:d5:37:4c:7c,<Broadcast>,-65
2026-02-23 23:11:50.836638,f2:95:95:47:13:a2,UCR-SECURE,-62
2026-02-23 23:11:51.526593,da:ff:57:67:df:48,UCR-SECURE,-70
2026-02-23 23:11:51.601014,da:ff:57:67:df:48,UCR-SECURE,-73
2026-02-23 23:11:51.621178,da:ff:57:67:df:48,UCR-SECURE,-71
2026-02-23 23:11:53.738427,4e:b0:4a:ab:e5:4c,<Broadcast>,-58
2026-02-23 23:11:53.945503,4e:b0:4a:ab:e5:4c,<Broadcast>,-55
2026-02-23 23:11:53.968724,4e:b0:4a:ab:e5:4c,<Broadcast>,-57
2026-02-23 23:11:53.999829,32:95:2a:c1:74:6f,UCR-SECURE,-63
2026-02-23 23:11:54.221893,46:b7:56:d2:c9:dc,UCR-SECURE,-86
2026-02-23 23:11:54.325714,32:95:2a:c1:74:6f,UCR-SECURE,-68
2026-02-23 23:11:54.415027,32:95:2a:c1:74:6f,UCR-SECURE,-63
2026-02-23 23:11:55.168926,7a:ab:af:5f:4e:41,UCR-SECURE,-84
2026-02-23 23:11:55.429547,fe:09:60:e5:85:3a,<Broadcast>,-65
2026-02-23 23:11:55.447376,fe:09:60:e5:85:3a,<Broadcast>,-67
2026-02-23 23:11:56.330302,f6:83:3d:d2:f3:ae,<Broadcast>,-73
2026-02-23 23:11:56.350651,f6:83:3d:d2:f3:ae,<Broadcast>,-75
2026-02-23 23:12:01.870331,72:ee:d9:c0:c9:16,UCR-SECURE,-83
2026-02-23 23:12:04.063118,56:46:cf:f0:55:3b,<Broadcast>,-58
2026-02-23 23:12:04.341275,12:04:7a:33:4e:62,<Broadcast>,-63
2026-02-23 23:12:04.996025,a6:51:54:d6:15:e6,UCR-SECURE,-84
2026-02-23 23:12:07.655319,7a:d0:05:c9:f2:56,<Broadcast>,-60
2026-02-23 23:12:07.673875,7a:d0:05:c9:f2:56,<Broadcast>,-61
2026-02-23 23:12:07.720796,9e:b8:c5:9e:6b:b5,<Broadcast>,-65
2026-02-23 23:12:07.947442,4e:90:65:ad:ac:fd,<Broadcast>,-64
2026-02-23 23:12:08.014013,56:6e:92:80:70:ff,<Broadcast>,-80
2026-02-23 23:12:08.024097,26:fa:00:57:17:87,<Broadcast>,-60
2026-02-23 23:12:08.044874,26:fa:00:57:17:87,<Broadcast>,-61
2026-02-23 23:12:08.913053,da:ff:57:67:df:48,<Broadcast>,-75
2026-02-23 23:12:09.131110,72:ee:d9:c0:c9:16,UCR-SECURE,-76
2026-02-23 23:12:09.883323,fe:26:87:12:0c:1a,UCR-SECURE,-71
2026-02-23 23:12:10.002632,da:a1:19:37:c9:7a,<Broadcast>,-88
2026-02-23 23:12:10.009293,da:a1:19:37:c9:7a,<Broadcast>,-86
2026-02-23 23:12:10.021101,da:a1:19:37:c9:7a,<Broadcast>,-90
2026-02-23 23:12:10.054649,fe:26:87:12:0c:1a,UCR-SECURE,-70
2026-02-23 23:12:10.720247,10:f6:0a:c0:d6:d6,<Broadcast>,-85
2026-02-23 23:12:10.918124,82:b3:95:99:bc:ba,<Broadcast>,-62
2026-02-23 23:12:10.937382,82:b3:95:99:bc:ba,<Broadcast>,-62
2026-02-23 23:12:11.809833,36:28:48:b8:89:61,<Broadcast>,-60
2026-02-23 23:12:11.829557,36:28:48:b8:89:61,<Broadcast>,-65
2026-02-23 23:12:11.989593,da:ff:57:67:df:48,UCR-SECURE,-70
2026-02-23 23:12:12.036350,da:ff:57:67:df:48,UCR-SECURE,-71
2026-02-23 23:12:12.056098,da:ff:57:67:df:48,UCR-SECURE,-68
2026-02-23 23:12:12.105606,da:ff:57:67:df:48,UCR-SECURE,-74
2026-02-23 23:12:13.543106,6a:44:e8:3e:ae:77,<Broadcast>,-59
2026-02-23 23:12:13.555886,6a:44:e8:3e:ae:77,<Broadcast>,-56
2026-02-23 23:12:13.569097,c2:76:dc:53:e0:02,<Broadcast>,-57
2026-02-23 23:12:13.580832,c2:76:dc:53:e0:02,<Broadcast>,-57
2026-02-23 23:12:13.624018,6a:fd:49:5c:27:69,<Broadcast>,-62
2026-02-23 23:12:13.633449,6a:fd:49:5c:27:69,<Broadcast>,-63
2026-02-23 23:12:13.757572,72:23:a2:04:89:9b,<Broadcast>,-64
2026-02-23 23:12:14.802618,d6:bb:5f:32:76:bb,UCR-GUEST,-69
2026-02-23 23:12:14.820433,d6:bb:5f:32:76:bb,UCR-GUEST,-69
2026-02-23 23:12:14.931564,8e:92:45:37:af:e3,<Broadcast>,-59
2026-02-23 23:12:14.951462,8e:92:45:37:af:e3,<Broadcast>,-59
2026-02-23 23:12:15.069964,46:eb:65:f6:0e:9c,<Broadcast>,-57
2026-02-23 23:12:15.473553,72:ee:d9:c0:c9:16,UCR-SECURE,-70
2026-02-23 23:12:15.476870,72:ee:d9:c0:c9:16,UCR-SECURE,-69
2026-02-23 23:12:16.138645,d6:38:df:f3:2a:e8,UCR-SECURE,-78
2026-02-23 23:12:16.225586,d6:38:df:f3:2a:e8,UCR-SECURE,-68
2026-02-23 23:12:16.339497,da:ff:57:67:df:48,UCR-SECURE,-78
2026-02-23 23:12:16.359051,d6:38:df:f3:2a:e8,UCR-SECURE,-69
2026-02-23 23:12:16.380545,da:ff:57:67:df:48,UCR-SECURE,-76
2026-02-23 23:12:17.126334,ae:f1:ef:c6:36:2d,<Broadcast>,-59
2026-02-23 23:12:17.174247,d6:26:f3:ba:25:f2,<Broadcast>,-53
2026-02-23 23:12:18.177839,c6:32:f7:db:c9:3f,<Broadcast>,-50
2026-02-23 23:12:18.193270,c6:32:f7:db:c9:3f,<Broadcast>,-52
2026-02-23 23:12:18.329726,8e:1c:29:38:70:59,<Broadcast>,-71
2026-02-23 23:12:18.375519,8e:1c:29:38:70:59,<Broadcast>,-66
2026-02-23 23:12:18.399273,8e:1c:29:38:70:59,<Broadcast>,-57
2026-02-23 23:12:19.580581,06:f0:be:c5:f8:89,<Broadcast>,-49
2026-02-23 23:12:19.600487,06:f0:be:c5:f8:89,<Broadcast>,-50
2026-02-23 23:12:19.870473,66:fa:28:04:c6:e0,<Broadcast>,-69
2026-02-23 23:12:19.876445,12:24:f4:97:9d:2a,<Broadcast>,-74
2026-02-23 23:12:20.140338,a2:ba:b6:7d:f6:ad,<Broadcast>,-63
2026-02-23 23:12:20.149546,a2:ba:b6:7d:f6:ad,<Broadcast>,-61
2026-02-23 23:12:22.892463,da:a1:19:b2:a6:4e,<Broadcast>,-89
2026-02-23 23:12:22.899934,da:a1:19:b2:a6:4e,<Broadcast>,-86
2026-02-23 23:12:22.947865,fe:26:87:12:0c:1a,UCR-SECURE,-81
2026-02-23 23:12:23.649898,fe:26:87:12:0c:1a,UCR-SECURE,-80
2026-02-23 23:12:23.690171,3e:9e:dc:11:82:24,<Broadcast>,-67
2026-02-23 23:12:23.719485,7e:75:5d:6e:99:d6,<Broadcast>,-67
2026-02-23 23:12:23.729669,7e:75:5d:6e:99:d6,<Broadcast>,-66
2026-02-23 23:12:23.772924,32:a3:b6:70:b8:db,<Broadcast>,-67
2026-02-23 23:12:24.765621,aa:a6:c5:d9:05:64,<Broadcast>,-60
2026-02-23 23:12:24.784272,aa:a6:c5:d9:05:64,<Broadcast>,-61
2026-02-23 23:12:26.387874,e2:82:b0:ea:1e:c2,UCR-SECURE,-89
2026-02-23 23:12:26.550911,42:a3:c7:db:b5:9f,<Broadcast>,-40
2026-02-23 23:12:26.571595,42:a3:c7:db:b5:9f,<Broadcast>,-40
2026-02-23 23:12:26.616821,42:a3:c7:db:b5:9f,<Broadcast>,-45
2026-02-23 23:12:28.515752,a6:27:d5:f6:fa:d7,UCR-SECURE,-87
2026-02-23 23:12:30.384046,16:d6:3d:67:6e:d2,<Broadcast>,-75
2026-02-23 23:12:30.404053,16:d6:3d:67:6e:d2,<Broadcast>,-75
2026-02-23 23:12:32.813653,42:a3:c7:db:b5:9f,<Broadcast>,-40
2026-02-23 23:12:32.834151,42:a3:c7:db:b5:9f,<Broadcast>,-39
2026-02-23 23:12:32.877997,42:a3:c7:db:b5:9f,<Broadcast>,-42
2026-02-23 23:12:33.689908,6a:40:ee:af:8d:16,UCR-SECURE,-85
2026-02-23 23:12:33.692554,86:f8:ae:a3:d5:e1,UCR-SECURE,-83
2026-02-23 23:12:33.791020,5a:8d:05:16:64:29,<Broadcast>,-63
2026-02-23 23:12:33.798468,5a:8d:05:16:64:29,<Broadcast>,-63
2026-02-23 23:12:34.250349,be:a6:96:07:ef:35,<Broadcast>,-64
2026-02-23 23:12:35.088602,06:6b:10:c4:e7:4d,UCR-SECURE,-81
2026-02-23 23:12:35.132429,06:6b:10:c4:e7:4d,UCR-SECURE,-84
2026-02-23 23:12:37.823223,f6:d4:76:f0:e2:c9,UCR-SECURE,-87
2026-02-23 23:12:38.933657,4e:8f:24:37:99:98,<Broadcast>,-64
2026-02-23 23:12:38.951438,4e:8f:24:37:99:98,<Broadcast>,-59
2026-02-23 23:12:39.292952,c2:24:1a:59:1f:bf,<Broadcast>,-61
2026-02-23 23:12:39.306957,c2:24:1a:59:1f:bf,<Broadcast>,-62
2026-02-23 23:12:39.642183,4a:d4:77:f0:28:67,<Broadcast>,-58
2026-02-23 23:12:39.662394,4a:d4:77:f0:28:67,<Broadcast>,-59
2026-02-23 23:12:40.121328,6a:8f:44:80:2b:cd,UCR-SECURE,-81
2026-02-23 23:12:41.031641,a2:ea:d9:8c:11:d9,UCR-SECURE,-84
2026-02-23 23:12:42.054176,42:a3:c7:db:b5:9f,<Broadcast>,-42
2026-02-23 23:12:42.149813,42:a3:c7:db:b5:9f,<Broadcast>,-43
2026-02-23 23:12:45.747266,e6:2a:64:18:31:ab,<Broadcast>,-56
2026-02-23 23:12:45.766306,e6:2a:64:18:31:ab,<Broadcast>,-58
2026-02-23 23:12:45.798181,12:e6:0c:e7:b9:72,<Broadcast>,-59
2026-02-23 23:12:46.232772,d4:d2:52:92:e6:bd,UCR-SECURE,-62
2026-02-23 23:12:46.491571,d4:d2:52:92:e6:bd,UCR-SECURE,-58
2026-02-23 23:12:46.506908,d4:d2:52:92:e6:bd,UCR-SECURE,-54
2026-02-23 23:12:46.509323,d4:d2:52:92:e6:bd,UCR-SECURE,-56
2026-02-23 23:12:46.530309,c2:85:f9:fc:bf:bb,<Broadcast>,-51
2026-02-23 23:12:46.549766,c2:85:f9:fc:bf:bb,<Broadcast>,-52
2026-02-23 23:12:46.884868,b2:8d:63:30:02:1e,<Broadcast>,-52
2026-02-23 23:12:46.901380,b2:8d:63:30:02:1e,<Broadcast>,-51
2026-02-23 23:12:46.917526,fa:85:9e:f9:0c:1f,<Broadcast>,-81
2026-02-23 23:12:47.228230,46:bb:d3:7c:32:dc,<Broadcast>,-55
2026-02-23 23:12:47.247335,46:bb:d3:7c:32:dc,<Broadcast>,-59
2026-02-23 23:12:47.440719,8e:1c:29:38:70:59,<Broadcast>,-69
2026-02-23 23:12:47.528496,8e:1c:29:38:70:59,<Broadcast>,-61
2026-02-23 23:12:47.548164,8e:1c:29:38:70:59,<Broadcast>,-61
2026-02-23 23:12:47.570283,8e:1c:29:38:70:59,<Broadcast>,-56
2026-02-23 23:12:47.592159,8e:1c:29:38:70:59,<Broadcast>,-55
2026-02-23 23:12:47.612026,8e:1c:29:38:70:59,<Broadcast>,-56
2026-02-23 23:12:47.631616,8e:1c:29:38:70:59,<Broadcast>,-55
2026-02-23 23:12:47.677972,8e:1c:29:38:70:59,<Broadcast>,-58
2026-02-23 23:12:47.718737,8e:1c:29:38:70:59,<Broadcast>,-56
2026-02-23 23:12:47.872105,a2:27:88:ad:42:35,<Broadcast>,-54
2026-02-23 23:12:47.892364,a2:27:88:ad:42:35,<Broadcast>,-57
2026-02-23 23:12:48.230346,a6:ba:d2:1e:4d:e3,<Broadcast>,-58
2026-02-23 23:12:48.248431,a6:ba:d2:1e:4d:e3,<Broadcast>,-57
2026-02-23 23:12:48.585733,72:7c:eb:0c:53:20,<Broadcast>,-56
2026-02-23 23:12:48.603829,72:7c:eb:0c:53:20,<Broadcast>,-53
2026-02-23 23:12:49.100405,ae:9a:5b:f1:f2:44,<Broadcast>,-61
2026-02-23 23:12:49.167827,ae:9a:5b:f1:f2:44,<Broadcast>,-64
2026-02-23 23:12:49.646471,6e:2c:dc:ba:43:2b,<Broadcast>,-62
2026-02-23 23:12:49.701780,6e:2c:dc:ba:43:2b,<Broadcast>,-60
2026-02-23 23:12:49.766271,5a:58:3e:41:79:b3,<Broadcast>,-53
2026-02-23 23:12:49.821857,5a:58:3e:41:79:b3,<Broadcast>,-52
2026-02-23 23:12:51.301915,42:a3:c7:db:b5:9f,<Broadcast>,-46
2026-02-23 23:12:51.340654,42:a3:c7:db:b5:9f,<Broadcast>,-45
2026-02-23 23:12:51.347691,42:a3:c7:db:b5:9f,<Broadcast>,-44
2026-02-23 23:12:51.391610,42:a3:c7:db:b5:9f,<Broadcast>,-45
2026-02-23 23:12:54.102203,4e:3a:06:dd:1f:5a,<Broadcast>,-60
2026-02-23 23:12:54.121117,4e:3a:06:dd:1f:5a,<Broadcast>,-59
2026-02-23 23:12:55.260933,b2:cd:1a:6e:e2:63,<Broadcast>,-66
2026-02-23 23:12:55.670098,0e:90:f1:35:b8:26,UCR-SECURE,-54
2026-02-23 23:12:55.672549,e6:87:59:84:aa:41,UCR-SECURE,-54
2026-02-23 23:12:55.698169,da:d0:15:66:a2:59,UCR-SECURE,-52
2026-02-23 23:12:55.701442,b6:e5:5d:4f:bc:e6,UCR-SECURE,-53
2026-02-23 23:12:56.893317,ea:db:81:ae:23:72,<Broadcast>,-62
2026-02-23 23:12:56.916968,ea:db:81:ae:23:72,<Broadcast>,-58
2026-02-23 23:12:57.029891,5a:d8:7c:ec:29:08,<Broadcast>,-63
2026-02-23 23:12:57.242563,0a:82:b1:2e:59:b4,<Broadcast>,-62
2026-02-23 23:12:57.262020,0a:82:b1:2e:59:b4,<Broadcast>,-62
2026-02-23 23:12:57.983778,4e:4c:13:e5:2d:71,<Broadcast>,-64
2026-02-23 23:12:58.240829,b6:dd:1f:be:e5:b0,<Broadcast>,-64
2026-02-23 23:12:58.243315,96:56:6f:e0:09:1c,<Broadcast>,-64
2026-02-23 23:12:58.587382,b6:dd:1f:be:e5:b0,<Broadcast>,-66
2026-02-23 23:12:58.589777,96:56:6f:e0:09:1c,<Broadcast>,-66
2026-02-23 23:12:59.264756,56:61:b2:78:e4:b4,<Broadcast>,-64
2026-02-23 23:12:59.379772,b6:54:e3:16:97:36,<Broadcast>,-51
2026-02-23 23:13:00.750914,42:a3:c7:db:b5:9f,<Broadcast>,-45
2026-02-23 23:13:00.780430,42:a3:c7:db:b5:9f,<Broadcast>,-44
2026-02-23 23:13:00.801470,42:a3:c7:db:b5:9f,<Broadcast>,-42
2026-02-23 23:13:00.846696,42:a3:c7:db:b5:9f,<Broadcast>,-43
2026-02-23 23:13:01.148397,36:04:61:0b:78:ab,<Broadcast>,-63
2026-02-23 23:13:01.195186,1e:9e:f0:2b:97:6f,<Broadcast>,-70
2026-02-23 23:13:01.286327,06:3a:c9:1c:38:e9,<Broadcast>,-52
2026-02-23 23:13:01.318236,06:3a:c9:1c:38:e9,<Broadcast>,-55
2026-02-23 23:13:03.407794,4a:9f:f5:b4:02:51,<Broadcast>,-52
2026-02-23 23:13:03.426330,4a:9f:f5:b4:02:51,<Broadcast>,-57
2026-02-23 23:13:03.433337,5e:1e:46:01:57:e3,UCR-SECURE,-66
2026-02-23 23:13:03.469168,5e:1e:46:01:57:e3,UCR-SECURE,-67
2026-02-23 23:13:03.485500,de:c6:26:c2:4f:9e,UCR-SECURE,-76
2026-02-23 23:13:03.498054,de:c6:26:c2:4f:9e,UCR-SECURE,-76
2026-02-23 23:13:03.657682,de:c6:26:c2:4f:9e,UCR-SECURE,-76
2026-02-23 23:13:03.766225,be:78:a3:61:57:f2,<Broadcast>,-54
2026-02-23 23:13:03.786783,be:78:a3:61:57:f2,<Broadcast>,-55
2026-02-23 23:13:04.117328,02:8b:ea:d6:cc:2c,<Broadcast>,-57
2026-02-23 23:13:04.140262,02:8b:ea:d6:cc:2c,<Broadcast>,-54
2026-02-23 23:13:10.057525,42:a3:c7:db:b5:9f,<Broadcast>,-42
2026-02-23 23:13:10.081090,42:a3:c7:db:b5:9f,<Broadcast>,-39
2026-02-23 23:13:10.103002,42:a3:c7:db:b5:9f,<Broadcast>,-39
2026-02-23 23:13:10.148641,42:a3:c7:db:b5:9f,<Broadcast>,-41
2026-02-23 23:13:10.152325,0a:c8:9d:aa:59:8b,UCR-SECURE,-85
2026-02-23 23:13:11.888024,6a:8f:44:80:2b:cd,UCR-SECURE,-77
2026-02-23 23:13:11.914666,6a:8f:44:80:2b:cd,UCR-SECURE,-79
2026-02-23 23:13:14.084914,96:f9:45:b4:64:a5,UCR-SECURE,-76
2026-02-23 23:13:14.103146,42:b2:47:41:05:b9,<Broadcast>,-85
2026-02-23 23:13:14.387299,8e:22:a1:ea:f7:ec,UCR-SECURE,-75
2026-02-23 23:13:14.390966,8a:65:48:ab:06:fe,UCR-SECURE,-76
2026-02-23 23:13:14.463424,b6:c4:2f:f9:a4:15,UCR-SECURE,-67
2026-02-23 23:13:14.467524,d6:b2:b4:93:77:5f,UCR-SECURE,-70
2026-02-23 23:13:14.494413,16:7e:88:99:1d:03,UCR-SECURE,-76
2026-02-23 23:13:14.559251,d6:b2:b4:93:77:5f,UCR-SECURE,-73
2026-02-23 23:13:14.612072,22:2e:2f:db:11:43,UCR-SECURE,-69
2026-02-23 23:13:14.615291,e2:96:75:2b:70:3d,UCR-SECURE,-68
2026-02-23 23:13:14.650377,aa:c6:4b:1c:c4:e8,<Broadcast>,-64
2026-02-23 23:13:14.669009,aa:c6:4b:1c:c4:e8,<Broadcast>,-64
2026-02-23 23:13:14.811957,1e:b9:2d:63:c1:62,UCR-SECURE,-75
2026-02-23 23:13:17.136829,ba:ee:9a:55:ff:23,<Broadcast>,-53
2026-02-23 23:13:17.155272,ba:ee:9a:55:ff:23,<Broadcast>,-54
2026-02-23 23:13:17.182916,22:2e:dd:a8:96:b3,<Broadcast>,-53
2026-02-23 23:13:17.201918,22:2e:dd:a8:96:b3,<Broadcast>,-51
2026-02-23 23:13:18.279514,a2:d3:96:86:ca:bf,<Broadcast>,-49
2026-02-23 23:13:18.298938,a2:d3:96:86:ca:bf,<Broadcast>,-51
2026-02-23 23:13:19.438515,42:a3:c7:db:b5:9f,<Broadcast>,-45
2026-02-23 23:13:19.459362,42:a3:c7:db:b5:9f,<Broadcast>,-45
2026-02-23 23:13:19.508454,42:a3:c7:db:b5:9f,<Broadcast>,-45
2026-02-23 23:13:19.595253,3e:1f:d3:a2:f0:59,<Broadcast>,-49
2026-02-23 23:13:21.839900,a2:b4:77:bc:54:2e,<Broadcast>,-87
2026-02-23 23:13:21.981866,fa:d4:ba:3b:88:ec,<Broadcast>,-73
2026-02-23 23:13:22.426746,86:1b:a9:b8:e9:5c,UCR-SECURE,-59
2026-02-23 23:13:22.444493,86:1b:a9:b8:e9:5c,UCR-SECURE,-57
2026-02-23 23:13:23.195209,f0:6e:0b:c6:ec:82,UCR-SECURE,-52
2026-02-23 23:13:23.197460,f0:6e:0b:c6:ec:82,UCR-SECURE,-51
2026-02-23 23:13:23.255418,f0:6e:0b:c6:ec:82,UCR-SECURE,-58
2026-02-23 23:13:23.258998,f0:6e:0b:c6:ec:82,UCR-SECURE,-56
2026-02-23 23:13:23.299442,f0:6e:0b:c6:ec:82,UCR-SECURE,-62
2026-02-23 23:13:23.301814,f0:6e:0b:c6:ec:82,UCR-SECURE,-64
2026-02-23 23:13:25.056098,ae:9e:17:49:94:43,<Broadcast>,-66
2026-02-23 23:13:25.111250,ae:9e:17:49:94:43,<Broadcast>,-62
2026-02-23 23:13:28.573736,42:a3:c7:db:b5:9f,<Broadcast>,-42
2026-02-23 23:13:28.593233,42:a3:c7:db:b5:9f,<Broadcast>,-41
2026-02-23 23:13:28.615179,42:a3:c7:db:b5:9f,<Broadcast>,-41
2026-02-23 23:13:28.658758,42:a3:c7:db:b5:9f,<Broadcast>,-42
2026-02-23 23:13:32.606608,76:c4:39:36:4e:e8,<Broadcast>,-55
2026-02-23 23:13:32.625949,76:c4:39:36:4e:e8,<Broadcast>,-55
2026-02-23 23:13:32.709668,72:83:bc:98:6e:cd,<Broadcast>,-53
2026-02-23 23:13:32.728032,72:83:bc:98:6e:cd,<Broadcast>,-47
2026-02-23 23:13:32.953655,30:03:c8:a0:1d:3f,<Broadcast>,-85
2026-02-23 23:13:36.063750,2a:a2:63:cc:dd:26,<Broadcast>,-62
2026-02-23 23:13:36.083450,2a:a2:63:cc:dd:26,<Broadcast>,-62
2026-02-23 23:13:36.165686,ba:4a:ad:e7:52:34,<Broadcast>,-62
2026-02-23 23:13:36.184893,ba:4a:ad:e7:52:34,<Broadcast>,-60
2026-02-23 23:13:37.772456,42:a3:c7:db:b5:9f,<Broadcast>,-42
2026-02-23 23:13:37.801347,42:a3:c7:db:b5:9f,<Broadcast>,-40
2026-02-23 23:13:37.820576,42:a3:c7:db:b5:9f,<Broadcast>,-38
2026-02-23 23:13:37.889667,42:a3:c7:db:b5:9f,<Broadcast>,-41
2026-02-23 23:13:38.777132,e6:b8:0a:70:cc:d5,<Broadcast>,-74
2026-02-23 23:13:38.867856,5a:ec:de:33:fb:5c,<Broadcast>,-61
2026-02-23 23:13:38.886727,5a:ec:de:33:fb:5c,<Broadcast>,-62
2026-02-23 23:13:38.915988,ba:cc:dc:06:e4:57,<Broadcast>,-67
2026-02-23 23:13:38.933665,ba:cc:dc:06:e4:57,<Broadcast>,-64
2026-02-23 23:13:41.026794,42:58:32:35:ba:9d,<Broadcast>,-59
2026-02-23 23:13:41.029857,42:58:32:35:ba:9d,<Broadcast>,-58
2026-02-23 23:13:41.382438,0e:6a:cc:bf:23:1b,<Broadcast>,-59
2026-02-23 23:13:41.401597,0e:6a:cc:bf:23:1b,<Broadcast>,-63
2026-02-23 23:13:44.440484,92:f8:8b:93:97:45,<Broadcast>,-78
2026-02-23 23:13:44.963365,82:ef:31:af:68:3f,UCR-SECURE,-53
2026-02-23 23:13:45.625115,9a:e7:cc:ca:08:50,<Broadcast>,-83
2026-02-23 23:13:45.643805,9a:e7:cc:ca:08:50,<Broadcast>,-86
2026-02-23 23:13:47.085630,42:a3:c7:db:b5:9f,<Broadcast>,-45
2026-02-23 23:13:47.105324,42:a3:c7:db:b5:9f,<Broadcast>,-42
2026-02-23 23:13:47.133414,42:a3:c7:db:b5:9f,<Broadcast>,-43
2026-02-23 23:13:47.172981,42:a3:c7:db:b5:9f,<Broadcast>,-44
2026-02-23 23:13:56.221065,42:a3:c7:db:b5:9f,<Broadcast>,-40
2026-02-23 23:13:56.255434,42:a3:c7:db:b5:9f,<Broadcast>,-39
2026-02-23 23:13:56.276318,42:a3:c7:db:b5:9f,<Broadcast>,-38
2026-02-23 23:13:56.320939,42:a3:c7:db:b5:9f,<Broadcast>,-41
2026-02-23 23:13:56.423873,62:c4:96:bb:50:9e,<Broadcast>,-73
2026-02-23 23:14:01.902491,5e:1e:46:01:57:e3,UCR-SECURE,-62
2026-02-23 23:14:01.921583,5e:1e:46:01:57:e3,UCR-SECURE,-62
2026-02-23 23:14:05.443116,42:a3:c7:db:b5:9f,<Broadcast>,-39
2026-02-23 23:14:05.478377,42:a3:c7:db:b5:9f,<Broadcast>,-36
2026-02-23 23:14:05.528973,42:a3:c7:db:b5:9f,<Broadcast>,-39
2026-02-23 23:14:06.089596,ae:d9:a3:07:81:56,<Broadcast>,-71
2026-02-23 23:14:06.754496,72:1b:1f:a8:dd:c2,UCR-SECURE,-85
2026-02-23 23:14:10.506794,d2:bd:84:d4:c5:bc,<Broadcast>,-61
2026-02-23 23:14:10.635170,72:fb:93:b3:8c:45,<Broadcast>,-57
2026-02-23 23:14:15.450084,1e:4e:b5:45:1b:b5,<Broadcast>,-60
2026-02-23 23:14:15.474885,22:34:1e:f0:f2:77,<Broadcast>,-63
2026-02-23 23:14:15.702425,32:9f:ee:6e:e0:e5,<Broadcast>,-54
2026-02-23 23:14:15.721849,32:9f:ee:6e:e0:e5,<Broadcast>,-55
2026-02-23 23:14:19.054462,8e:1c:29:38:70:59,<Broadcast>,-63
2026-02-23 23:14:19.077326,8e:1c:29:38:70:59,<Broadcast>,-57
2026-02-23 23:14:19.109361,8e:1c:29:38:70:59,<Broadcast>,-58
2026-02-23 23:14:20.221048,5a:ba:f5:7a:87:75,<Broadcast>,-58
2026-02-23 23:14:20.248436,ea:9a:97:d6:ad:12,<Broadcast>,-57
2026-02-23 23:14:21.591132,f2:26:87:81:6f:f2,<Broadcast>,-82
2026-02-23 23:14:23.977257,7a:2d:83:ba:33:f6,<Broadcast>,-57
2026-02-23 23:14:23.997195,7a:2d:83:ba:33:f6,<Broadcast>,-56
2026-02-23 23:14:25.083328,e6:d5:45:38:82:7d,<Broadcast>,-85
2026-02-23 23:14:25.086041,e6:d5:45:38:82:7d,<Broadcast>,-85
2026-02-23 23:14:25.218007,de:da:a9:8d:6c:f3,<Broadcast>,-81
2026-02-23 23:14:27.539594,7e:ce:07:af:27:c9,<Broadcast>,-77
2026-02-23 23:14:27.550155,7e:ce:07:af:27:c9,<Broadcast>,-77
2026-02-23 23:14:30.601931,6e:54:37:2e:97:11,<Broadcast>,-60
2026-02-23 23:14:30.621411,6e:54:37:2e:97:11,<Broadcast>,-60
2026-02-23 23:14:35.529520,9a:38:1b:6c:ec:e2,UCR-SECURE,-83
2026-02-23 23:14:35.532082,ce:96:9d:97:29:6f,UCR-SECURE,-84
2026-02-23 23:14:36.812971,82:ef:31:af:68:3f,UCR-SECURE,-52
2026-02-23 23:14:36.832157,82:ef:31:af:68:3f,UCR-SECURE,-51
2026-02-23 23:14:37.066407,82:ef:31:af:68:3f,UCR-SECURE,-52
2026-02-23 23:14:37.369571,82:ef:31:af:68:3f,UCR-SECURE,-55
2026-02-23 23:14:37.785909,de:f8:59:b2:52:de,UCR-SECURE,-84
2026-02-23 23:14:38.968021,4a:4a:10:3d:58:50,<Broadcast>,-51
2026-02-23 23:14:38.987698,4a:4a:10:3d:58:50,<Broadcast>,-50
2026-02-23 23:14:39.084130,fa:fd:b9:78:df:a5,UCR-SECURE,-85
2026-02-23 23:14:39.156079,06:48:29:91:5b:7a,UCR-SECURE,-84
2026-02-23 23:14:39.326174,06:fd:c0:cf:db:65,<Broadcast>,-51
2026-02-23 23:14:39.345601,06:fd:c0:cf:db:65,<Broadcast>,-51
2026-02-23 23:14:39.692552,1a:03:8a:67:e2:0e,<Broadcast>,-50
2026-02-23 23:14:39.711070,1a:03:8a:67:e2:0e,<Broadcast>,-51
2026-02-23 23:14:42.796863,62:4d:eb:cb:5b:10,<Broadcast>,-60
2026-02-23 23:14:42.815461,62:4d:eb:cb:5b:10,<Broadcast>,-58
2026-02-23 23:14:42.884343,b6:f5:5c:88:fd:e3,<Broadcast>,-60
2026-02-23 23:14:42.903937,b6:f5:5c:88:fd:e3,<Broadcast>,-54
2026-02-23 23:14:43.113071,92:06:95:85:d7:95,<Broadcast>,-56
2026-02-23 23:14:43.129048,92:06:95:85:d7:95,<Broadcast>,-57
2026-02-23 23:14:44.002995,6a:8f:44:80:2b:cd,UCR-SECURE,-77
2026-02-23 23:14:48.699418,aa:f7:14:f1:31:66,<Broadcast>,-59
2026-02-23 23:14:48.717548,aa:f7:14:f1:31:66,<Broadcast>,-61
2026-02-23 23:14:48.772505,fa:92:d1:72:d8:b1,<Broadcast>,-75
2026-02-23 23:14:48.799099,5e:1e:46:01:57:e3,UCR-SECURE,-72
2026-02-23 23:14:48.819280,5e:1e:46:01:57:e3,UCR-SECURE,-69
2026-02-23 23:14:49.680187,aa:c0:15:3e:05:5f,<Broadcast>,-52
2026-02-23 23:14:49.688446,aa:c0:15:3e:05:5f,<Broadcast>,-53
2026-02-23 23:14:49.933209,8e:05:f2:52:5d:47,<Broadcast>,-52
2026-02-23 23:14:50.633294,7a:3b:0c:5d:45:eb,UCR-SECURE,-81
2026-02-23 23:14:51.634290,ae:e2:41:a9:3d:0c,<Broadcast>,-57
2026-02-23 23:14:51.652365,ae:e2:41:a9:3d:0c,<Broadcast>,-56
2026-02-23 23:14:53.701465,42:73:3e:ac:9a:84,<Broadcast>,-52
2026-02-23 23:14:53.720233,42:73:3e:ac:9a:84,<Broadcast>,-53
2026-02-23 23:14:53.896450,2e:0a:58:b4:37:55,UCR-SECURE,-81
2026-02-23 23:14:54.051047,ae:68:77:12:d2:3a,<Broadcast>,-52
2026-02-23 23:14:54.070455,ae:68:77:12:d2:3a,<Broadcast>,-52
2026-02-23 23:14:54.403303,ea:5f:06:9e:36:57,<Broadcast>,-53
2026-02-23 23:14:54.420439,ea:5f:06:9e:36:57,<Broadcast>,-56
2026-02-23 23:14:54.589128,a6:18:bf:9b:5d:fc,<Broadcast>,-57
2026-02-23 23:14:55.468998,3e:e9:d3:1f:ad:8e,<Broadcast>,-61
2026-02-23 23:14:55.508269,3e:e9:d3:1f:ad:8e,<Broadcast>,-62
2026-02-23 23:14:55.564146,6e:4e:84:6e:98:06,<Broadcast>,-57
2026-02-23 23:14:55.619067,6e:4e:84:6e:98:06,<Broadcast>,-57
2026-02-23 23:14:57.333472,9a:77:93:d3:75:60,<Broadcast>,-54
2026-02-23 23:14:57.353753,9a:77:93:d3:75:60,<Broadcast>,-54
2026-02-23 23:14:57.614000,e0:2e:0b:3b:99:e4,UCR-SECURE,-58
2026-02-23 23:14:57.844449,f8:b5:4d:66:d0:28,<Broadcast>,-67
2026-02-23 23:14:57.857221,9e:77:93:0b:9b:39,UCR-SECURE,-62
2026-02-23 23:14:57.860901,9e:77:93:0b:9b:39,UCR-SECURE,-62
2026-02-23 23:14:57.982401,9e:77:93:0b:9b:39,UCR-SECURE,-63
2026-02-23 23:14:58.003212,9e:77:93:0b:9b:39,UCR-SECURE,-66
2026-02-23 23:14:58.370015,f2:58:d1:49:20:9b,<Broadcast>,-50
2026-02-23 23:14:58.389144,f2:58:d1:49:20:9b,<Broadcast>,-50
2026-02-23 23:14:58.726308,a2:0a:b3:47:66:0d,<Broadcast>,-52
2026-02-23 23:14:58.747052,a2:0a:b3:47:66:0d,<Broadcast>,-52
2026-02-23 23:14:59.051604,4a:84:45:36:38:93,<Broadcast>,-63
2026-02-23 23:14:59.118100,2e:98:ad:1a:de:33,<Broadcast>,-54
2026-02-23 23:15:03.239597,62:c4:96:bb:50:9e,<Broadcast>,-72
2026-02-23 23:15:03.259659,62:c4:96:bb:50:9e,<Broadcast>,-72
2026-02-23 23:15:05.507193,a6:8f:8b:f4:09:77,<Broadcast>,-60
2026-02-23 23:15:05.576132,ba:f4:a8:e4:fa:6c,<Broadcast>,-61
2026-02-23 23:15:07.567683,9e:77:93:0b:9b:39,UCR-SECURE,-62
2026-02-23 23:15:07.575460,9e:77:93:0b:9b:39,UCR-SECURE,-65
2026-02-23 23:15:07.605320,9e:77:93:0b:9b:39,UCR-SECURE,-65
2026-02-23 23:15:07.707904,9e:77:93:0b:9b:39,UCR-SECURE,-76
2026-02-23 23:15:07.716451,9e:77:93:0b:9b:39,UCR-SECURE,-75
2026-02-23 23:15:07.940946,9e:b6:67:56:c5:81,UCR-SECURE,-77
2026-02-23 23:15:08.017147,f2:f7:f8:e7:4e:e1,<Broadcast>,-70
2026-02-23 23:15:08.316942,6a:a4:69:6c:c8:4c,UCR-SECURE,-80
2026-02-23 23:15:08.565553,22:8c:23:b6:b6:be,UCR-SECURE,-69
2026-02-23 23:15:08.611157,22:8c:23:b6:b6:be,UCR-SECURE,-74
2026-02-23 23:15:08.749262,22:8c:23:b6:b6:be,UCR-SECURE,-70
2026-02-23 23:15:08.786789,22:5a:be:7a:d4:54,<Broadcast>,-65
2026-02-23 23:15:09.100963,9e:75:20:66:0b:45,<Broadcast>,-75
2026-02-23 23:15:09.120246,9e:75:20:66:0b:45,<Broadcast>,-73
2026-02-23 23:15:09.415362,42:45:36:f6:0f:b5,UCR-SECURE,-68
2026-02-23 23:15:10.696072,96:4e:08:de:83:b9,<Broadcast>,-59
2026-02-23 23:15:10.774143,66:7a:68:cc:fc:73,<Broadcast>,-58
2026-02-23 23:15:10.879124,4a:01:09:57:f3:9d,<Broadcast>,-56
2026-02-23 23:15:11.226611,fe:8d:ae:51:6e:3e,UCR-SECURE,-83
2026-02-23 23:15:11.590254,fe:8d:ae:51:6e:3e,UCR-SECURE,-83
2026-02-23 23:15:11.956642,7c:b5:66:a2:da:f5,UCR-SECURE,-63
2026-02-23 23:15:12.139903,86:1b:a9:b8:e9:5c,UCR-SECURE,-70
2026-02-23 23:15:13.199110,3e:38:a9:3a:21:67,<Broadcast>,-55
2026-02-23 23:15:13.294188,8e:cd:dc:54:69:08,<Broadcast>,-62
2026-02-23 23:15:14.271769,42:45:36:f6:0f:b5,UCR-SECURE,-74
2026-02-23 23:15:14.281000,42:45:36:f6:0f:b5,UCR-SECURE,-76
2026-02-23 23:15:14.406302,42:45:36:f6:0f:b5,UCR-SECURE,-68
2026-02-23 23:15:14.415577,42:45:36:f6:0f:b5,UCR-SECURE,-68
2026-02-23 23:15:14.455534,42:45:36:f6:0f:b5,UCR-SECURE,-69
2026-02-23 23:15:14.466105,42:45:36:f6:0f:b5,UCR-SECURE,-69
2026-02-23 23:15:14.778331,8e:b4:f4:d1:d0:05,UCR-SECURE,-78
2026-02-23 23:15:14.782796,8e:54:9f:fa:00:76,<Broadcast>,-60
2026-02-23 23:15:15.019771,aa:d4:d3:11:84:64,<Broadcast>,-57
2026-02-23 23:15:16.319961,1a:95:e6:51:d2:85,<Broadcast>,-79
2026-02-23 23:15:17.150585,fe:d5:92:cb:e0:e8,<Broadcast>,-60
2026-02-23 23:15:17.168776,fe:d5:92:cb:e0:e8,<Broadcast>,-58
2026-02-23 23:15:17.225567,e6:a6:99:92:99:c6,<Broadcast>,-58
2026-02-23 23:15:17.715927,9e:77:93:0b:9b:39,UCR-SECURE,-63
2026-02-23 23:15:17.945046,62:ed:94:09:d2:bb,<Broadcast>,-65
2026-02-23 23:15:17.952296,62:ed:94:09:d2:bb,<Broadcast>,-68
2026-02-23 23:15:19.331907,9e:77:93:0b:9b:39,UCR-SECURE,-64
2026-02-23 23:15:19.339700,9e:77:93:0b:9b:39,UCR-SECURE,-63
2026-02-23 23:15:19.356691,9e:77:93:0b:9b:39,UCR-SECURE,-76
2026-02-23 23:15:19.365965,9e:77:93:0b:9b:39,UCR-SECURE,-61
2026-02-23 23:15:19.549403,42:45:36:f6:0f:b5,UCR-SECURE,-76
2026-02-23 23:15:19.602186,fe:8d:ae:51:6e:3e,UCR-SECURE,-83
2026-02-23 23:15:19.780413,fe:8d:ae:51:6e:3e,UCR-SECURE,-81
2026-02-23 23:15:19.787082,fe:8d:ae:51:6e:3e,UCR-SECURE,-79
2026-02-23 23:15:22.837031,5e:b0:3f:16:97:93,UCR-SECURE,-59
2026-02-23 23:15:22.873204,22:28:b7:eb:08:ae,UCR-SECURE,-59
2026-02-23 23:15:22.875688,c2:c2:57:22:dd:55,UCR-SECURE,-59
2026-02-23 23:15:23.145818,b2:d4:e3:54:ea:32,UCR-SECURE,-80
2026-02-23 23:15:23.176512,b6:f6:3d:14:d9:6a,UCR-SECURE,-79
2026-02-23 23:15:23.178372,36:04:00:69:2a:a3,UCR-SECURE,-79
2026-02-23 23:15:24.315048,d6:13:8d:f7:3a:25,<Broadcast>,-48
2026-02-23 23:15:24.333569,d6:13:8d:f7:3a:25,<Broadcast>,-49
2026-02-23 23:15:24.971392,22:cf:c4:e3:66:af,<Broadcast>,-75
2026-02-23 23:15:24.996981,ba:55:df:7c:d1:4e,<Broadcast>,-71
2026-02-23 23:15:25.484102,42:45:36:f6:0f:b5,UCR-SECURE,-78
2026-02-23 23:15:25.503027,42:45:36:f6:0f:b5,UCR-SECURE,-75
2026-02-23 23:15:26.560230,16:64:43:4e:b0:42,<Broadcast>,-60
2026-02-23 23:15:26.569730,e6:d8:6e:98:2b:34,<Broadcast>,-76
2026-02-23 23:15:26.840157,c2:42:58:45:9b:c5,<Broadcast>,-82
2026-02-23 23:15:28.043099,26:c2:0d:07:23:28,UCR-SECURE,-86
2026-02-23 23:15:28.053938,4e:a2:c6:1d:89:3e,UCR-SECURE,-84
2026-02-23 23:15:28.056395,66:63:04:6c:6b:25,UCR-SECURE,-84
2026-02-23 23:15:28.401607,ee:18:34:bf:0e:97,<Broadcast>,-83
2026-02-23 23:15:28.568306,d6:46:fb:79:c9:1e,<Broadcast>,-77
2026-02-23 23:15:28.578077,d6:46:fb:79:c9:1e,<Broadcast>,-76
2026-02-23 23:15:28.752571,42:45:36:f6:0f:b5,UCR-SECURE,-79
2026-02-23 23:15:29.168083,16:9a:4e:f0:6d:1a,<Broadcast>,-68
2026-02-23 23:15:29.673511,ca:8f:df:29:5f:ee,SpectrumSetup-EF,-83
2026-02-23 23:15:34.624984,72:ab:0a:c2:7d:49,UCR-GUEST,-59
2026-02-23 23:15:35.003484,1a:24:f9:8f:46:ab,UCR-GUEST,-66
2026-02-23 23:15:35.089326,92:45:b7:58:7b:7a,UCR-GUEST,-57
2026-02-23 23:15:35.092869,7e:f4:5f:ac:98:32,<Broadcast>,-56
2026-02-23 23:15:35.114150,9a:06:66:5a:9b:61,UCR-GUEST,-54
2026-02-23 23:15:35.131204,42:66:8b:0e:b3:21,<Broadcast>,-54
2026-02-23 23:15:35.492425,62:c4:96:bb:50:9e,<Broadcast>,-69
2026-02-23 23:15:35.512427,62:c4:96:bb:50:9e,<Broadcast>,-73
2026-02-23 23:15:38.195223,4e:2b:5f:4e:04:89,UCR-GUEST,-55
2026-02-23 23:15:38.434562,4e:2b:5f:4e:04:89,UCR-GUEST,-53
2026-02-23 23:15:38.526685,82:ef:31:af:68:3f,UCR-SECURE,-63
2026-02-23 23:15:38.619231,4e:2b:5f:4e:04:89,UCR-GUEST,-52
2026-02-23 23:15:38.741711,82:ef:31:af:68:3f,UCR-SECURE,-62
2026-02-23 23:15:38.862275,82:ef:31:af:68:3f,UCR-SECURE,-65
2026-02-23 23:15:38.880243,82:ef:31:af:68:3f,UCR-SECURE,-67
2026-02-23 23:15:40.426185,c2:a1:88:b1:e9:d3,UCR-SECURE,-82
2026-02-23 23:15:40.926557,8e:63:a7:8e:f9:3f,UCR-SECURE,-82
2026-02-23 23:15:41.632292,32:f5:ed:09:4f:a3,UCR-SECURE,-84
2026-02-23 23:15:45.444516,6a:8f:44:80:2b:cd,UCR-SECURE,-78
2026-02-23 23:15:47.171819,42:a3:c7:db:b5:9f,<Broadcast>,-40
2026-02-23 23:15:47.195167,42:a3:c7:db:b5:9f,<Broadcast>,-37
2026-02-23 23:15:47.216871,42:a3:c7:db:b5:9f,<Broadcast>,-37
2026-02-23 23:15:47.263707,42:a3:c7:db:b5:9f,<Broadcast>,-39
2026-02-23 23:15:47.806001,0e:db:85:3a:a0:5f,<Broadcast>,-61
2026-02-23 23:15:48.195083,b2:12:9e:44:b6:f4,<Broadcast>,-60
2026-02-23 23:15:48.202895,b2:12:9e:44:b6:f4,<Broadcast>,-61
2026-02-23 23:15:52.721454,06:15:ce:52:22:b5,<Broadcast>,-80
2026-02-23 23:15:53.455693,42:a3:c7:db:b5:9f,<Broadcast>,-37
2026-02-23 23:15:53.458306,42:a3:c7:db:b5:9f,<Broadcast>,-36
2026-02-23 23:16:02.511756,42:a3:c7:db:b5:9f,<Broadcast>,-36
2026-02-23 23:16:02.523837,42:a3:c7:db:b5:9f,<Broadcast>,-36
2026-02-23 23:16:02.557528,42:a3:c7:db:b5:9f,<Broadcast>,-37
2026-02-23 23:16:07.057211,b6:47:55:4b:2d:fd,UCR-SECURE,-75
2026-02-23 23:16:07.145274,66:dc:50:0b:dc:96,<Broadcast>,-60
2026-02-23 23:16:07.167405,66:dc:50:0b:dc:96,<Broadcast>,-62
2026-02-23 23:16:08.258823,de:57:c0:9d:b6:85,<Broadcast>,-66
2026-02-23 23:16:11.294037,da:bf:cb:84:97:61,<Broadcast>,-67
2026-02-23 23:16:11.312539,da:bf:cb:84:97:61,<Broadcast>,-67
2026-02-23 23:16:11.469783,c2:1c:6b:c3:f5:55,<Broadcast>,-60
2026-02-23 23:16:11.730543,42:a3:c7:db:b5:9f,<Broadcast>,-44
2026-02-23 23:16:14.838784,b6:d9:01:c6:ca:8c,<Broadcast>,-62
2026-02-23 23:16:14.857792,b6:d9:01:c6:ca:8c,<Broadcast>,-67
2026-02-23 23:16:14.981506,5e:1e:46:01:57:e3,UCR-SECURE,-63
2026-02-23 23:16:15.001202,5e:1e:46:01:57:e3,UCR-SECURE,-62
2026-02-23 23:16:15.138057,5e:1e:46:01:57:e3,UCR-SECURE,-71
2026-02-23 23:16:15.156139,5e:1e:46:01:57:e3,UCR-SECURE,-70
2026-02-23 23:16:15.250342,6a:8f:44:80:2b:cd,UCR-SECURE,-79
2026-02-23 23:16:15.309468,5e:1e:46:01:57:e3,UCR-SECURE,-72
2026-02-23 23:16:15.448970,6a:8f:44:80:2b:cd,UCR-SECURE,-77
2026-02-23 23:16:16.615665,c2:f1:4a:f4:70:62,<Broadcast>,-59
2026-02-23 23:16:16.622590,c2:f1:4a:f4:70:62,<Broadcast>,-59
2026-02-23 23:16:16.657197,22:ca:64:dc:60:ac,<Broadcast>,-70
2026-02-23 23:16:16.677129,22:ca:64:dc:60:ac,<Broadcast>,-70
2026-02-23 23:16:17.252794,62:c4:96:bb:50:9e,<Broadcast>,-77
2026-02-23 23:16:17.271559,8a:83:17:51:f5:f1,<Broadcast>,-77
2026-02-23 23:16:17.275048,62:c4:96:bb:50:9e,<Broadcast>,-80
2026-02-23 23:16:17.297107,12:22:a5:3c:46:d5,<Broadcast>,-75
2026-02-23 23:16:17.317086,12:22:a5:3c:46:d5,<Broadcast>,-71
2026-02-23 23:16:17.490272,62:cb:65:b9:e3:06,<Broadcast>,-60
2026-02-23 23:16:19.598896,b6:47:55:4b:2d:fd,UCR-SECURE,-79
2026-02-23 23:16:19.718696,8a:25:0e:00:61:3e,<Broadcast>,-65
2026-02-23 23:16:19.882415,b6:47:55:4b:2d:fd,UCR-SECURE,-72
2026-02-23 23:16:19.944898,b6:47:55:4b:2d:fd,UCR-SECURE,-74
2026-02-23 23:16:20.821204,42:a3:c7:db:b5:9f,<Broadcast>,-43
2026-02-23 23:16:20.843584,42:a3:c7:db:b5:9f,<Broadcast>,-41
2026-02-23 23:16:20.865782,42:a3:c7:db:b5:9f,<Broadcast>,-41
2026-02-23 23:16:20.911888,42:a3:c7:db:b5:9f,<Broadcast>,-43
2026-02-23 23:16:21.021519,8e:1c:29:38:70:59,<Broadcast>,-56
2026-02-23 23:16:21.041742,8e:1c:29:38:70:59,<Broadcast>,-57
2026-02-23 23:16:21.111657,8e:1c:29:38:70:59,<Broadcast>,-59
2026-02-23 23:16:21.710551,6a:4c:b9:09:e8:34,UCR-SECURE,-75
2026-02-23 23:16:21.729185,6a:4c:b9:09:e8:34,UCR-SECURE,-76
2026-02-23 23:16:21.750005,6a:4c:b9:09:e8:34,UCR-SECURE,-75
2026-02-23 23:16:21.795320,6a:4c:b9:09:e8:34,UCR-SECURE,-79
2026-02-23 23:16:21.815425,6a:4c:b9:09:e8:34,UCR-SECURE,-78
2026-02-23 23:16:24.358261,d6:f5:71:26:71:b4,<Broadcast>,-81
2026-02-23 23:16:24.369613,d6:f5:71:26:71:b4,<Broadcast>,-82
2026-02-23 23:16:25.388907,26:d4:db:6a:7b:13,<Broadcast>,-82
2026-02-23 23:16:27.535479,fe:3b:37:fd:5f:f5,UCR-SECURE,-53
2026-02-23 23:16:27.538343,22:20:43:c3:50:32,<Broadcast>,-55
2026-02-23 23:16:27.799375,5e:6b:29:42:99:5d,UCR-SECURE,-65
2026-02-23 23:16:27.866196,ae:40:91:3a:3d:68,UCR-SECURE,-54
2026-02-23 23:16:27.868942,22:77:46:fc:a9:4e,<Broadcast>,-55
2026-02-23 23:16:27.895149,7e:bf:06:05:62:c8,<Broadcast>,-52
2026-02-23 23:16:28.824292,f6:d4:07:59:c3:9d,<Broadcast>,-64
2026-02-23 23:16:29.765227,42:a3:c7:db:b5:9f,<Broadcast>,-45
2026-02-23 23:16:29.805571,42:a3:c7:db:b5:9f,<Broadcast>,-36
2026-02-23 23:16:29.826779,42:a3:c7:db:b5:9f,<Broadcast>,-35
2026-02-23 23:16:29.853300,42:a3:c7:db:b5:9f,<Broadcast>,-36
2026-02-23 23:16:29.897454,42:a3:c7:db:b5:9f,<Broadcast>,-36
2026-02-23 23:16:32.184392,8a:60:8f:02:1a:dc,UCR-SECURE,-52
2026-02-23 23:16:32.228361,8a:60:8f:02:1a:dc,UCR-SECURE,-64
2026-02-23 23:16:32.272009,62:c4:96:bb:50:9e,<Broadcast>,-74
2026-02-23 23:16:32.286406,96:20:c7:57:f6:ba,UCR-SECURE,-75
2026-02-23 23:16:32.317770,8a:60:8f:02:1a:dc,UCR-SECURE,-55
2026-02-23 23:16:32.527864,96:20:c7:57:f6:ba,UCR-SECURE,-81
2026-02-23 23:16:32.827598,f2:3b:c6:9c:5b:a5,<Broadcast>,-54
2026-02-23 23:16:32.874278,ae:13:69:7d:a3:86,<Broadcast>,-54
2026-02-23 23:16:32.893320,ae:13:69:7d:a3:86,<Broadcast>,-53
2026-02-23 23:16:32.987614,56:56:29:dd:c7:c3,<Broadcast>,-61
2026-02-23 23:16:35.844358,66:20:4d:cd:8b:5c,<Broadcast>,-51
2026-02-23 23:16:35.862536,66:20:4d:cd:8b:5c,<Broadcast>,-50
2026-02-23 23:16:37.371851,32:f5:ed:09:4f:a3,UCR-SECURE,-81
2026-02-23 23:16:37.853495,e6:ae:87:f3:6e:6a,<Broadcast>,-68
2026-02-23 23:16:39.040315,42:a3:c7:db:b5:9f,<Broadcast>,-36
2026-02-23 23:16:39.063719,42:a3:c7:db:b5:9f,<Broadcast>,-34
2026-02-23 23:16:39.087994,42:a3:c7:db:b5:9f,<Broadcast>,-34
2026-02-23 23:16:39.134737,42:a3:c7:db:b5:9f,<Broadcast>,-36
2026-02-23 23:16:40.519954,da:a1:19:5d:dc:a7,<Broadcast>,-82
2026-02-23 23:16:42.892682,9c:12:21:2e:35:0b,UCR-SECURE,-82
2026-02-23 23:16:42.895542,9c:12:21:2e:35:0b,UCR-SECURE,-81
2026-02-23 23:16:44.282187,0a:93:3c:09:9f:2f,<Broadcast>,-60
2026-02-23 23:16:44.301354,0a:93:3c:09:9f:2f,<Broadcast>,-61
2026-02-23 23:16:44.374303,4a:0d:41:a6:15:ae,<Broadcast>,-59
2026-02-23 23:16:44.394358,4a:0d:41:a6:15:ae,<Broadcast>,-61
2026-02-23 23:16:46.264125,7a:87:be:e5:ab:f3,<Broadcast>,-48
2026-02-23 23:16:46.282684,7a:87:be:e5:ab:f3,<Broadcast>,-50
2026-02-23 23:16:48.255518,42:a3:c7:db:b5:9f,<Broadcast>,-37
2026-02-23 23:16:48.276509,42:a3:c7:db:b5:9f,<Broadcast>,-38
2026-02-23 23:16:48.302122,42:a3:c7:db:b5:9f,<Broadcast>,-35
2026-02-23 23:16:48.341438,42:a3:c7:db:b5:9f,<Broadcast>,-38
2026-02-23 23:16:49.325741,22:09:33:bc:a7:17,UCR-SECURE,-72
2026-02-23 23:16:49.328401,86:a3:a1:05:63:a1,UCR-SECURE,-74
2026-02-23 23:16:51.835941,d2:95:08:74:06:0c,<Broadcast>,-57
2026-02-23 23:16:51.854472,d2:95:08:74:06:0c,<Broadcast>,-60
2026-02-23 23:16:52.009476,be:06:3b:e6:5b:e3,<Broadcast>,-79
2026-02-23 23:16:57.326365,42:a3:c7:db:b5:9f,<Broadcast>,-47
2026-02-23 23:16:57.371893,42:a3:c7:db:b5:9f,<Broadcast>,-39
2026-02-23 23:16:57.400442,42:a3:c7:db:b5:9f,<Broadcast>,-38
2026-02-23 23:16:57.421715,42:a3:c7:db:b5:9f,<Broadcast>,-37
2026-02-23 23:16:57.466707,42:a3:c7:db:b5:9f,<Broadcast>,-39
2026-02-23 23:16:58.397268,02:fc:d6:d9:66:dc,<Broadcast>,-61
2026-02-23 23:16:58.405915,02:fc:d6:d9:66:dc,<Broadcast>,-60
2026-02-23 23:16:58.693523,f6:9d:1a:ca:94:93,<Broadcast>,-80
2026-02-23 23:17:01.284301,1a:32:f8:27:a8:c3,<Broadcast>,-59
2026-02-23 23:17:01.303720,1a:32:f8:27:a8:c3,<Broadcast>,-63
2026-02-23 23:17:05.151272,66:5b:94:f7:34:95,<Broadcast>,-61
2026-02-23 23:17:05.183808,66:5b:94:f7:34:95,<Broadcast>,-60
2026-02-23 23:17:05.209761,66:5b:94:f7:34:95,<Broadcast>,-61
2026-02-23 23:17:05.672402,06:bc:b3:37:42:40,<Broadcast>,-74
2026-02-23 23:17:05.700236,26:e2:6f:2a:f6:99,<Broadcast>,-51
2026-02-23 23:17:05.717659,26:e2:6f:2a:f6:99,<Broadcast>,-56
2026-02-23 23:17:05.931989,ae:f8:b5:b7:a3:37,<Broadcast>,-51
2026-02-23 23:17:05.950434,ae:f8:b5:b7:a3:37,<Broadcast>,-55
2026-02-23 23:17:06.118387,76:a8:5a:ab:2b:cb,<Broadcast>,-58
2026-02-23 23:17:06.137762,76:a8:5a:ab:2b:cb,<Broadcast>,-57
2026-02-23 23:17:06.343259,42:a3:c7:db:b5:9f,<Broadcast>,-45
2026-02-23 23:17:06.386782,42:a3:c7:db:b5:9f,<Broadcast>,-37
2026-02-23 23:17:06.410226,42:a3:c7:db:b5:9f,<Broadcast>,-35
2026-02-23 23:17:06.434955,42:a3:c7:db:b5:9f,<Broadcast>,-37
2026-02-23 23:17:06.523657,42:a3:c7:db:b5:9f,<Broadcast>,-37
2026-02-23 23:17:08.448559,36:b7:02:98:4d:21,UCR-SECURE,-61
2026-02-23 23:17:08.451756,12:95:8e:bc:1e:ef,<Broadcast>,-62
2026-02-23 23:17:08.758538,7e:3c:15:d3:21:60,<Broadcast>,-60
2026-02-23 23:17:08.781707,62:d2:4d:b4:43:08,UCR-SECURE,-59
2026-02-23 23:17:08.784732,1e:f0:a6:2f:aa:3c,<Broadcast>,-60
2026-02-23 23:17:09.880683,1a:0a:02:5d:ac:e4,UCR-SECURE,-82
2026-02-23 23:17:09.909807,1a:0a:02:5d:ac:e4,UCR-SECURE,-84
2026-02-23 23:17:10.706265,6a:43:22:50:f8:02,<Broadcast>,-75
2026-02-23 23:17:12.167633,1a:21:fe:d2:92:69,<Broadcast>,-60
2026-02-23 23:17:12.835064,4e:cf:48:32:d9:c4,<Broadcast>,-65
2026-02-23 23:17:12.979383,02:d0:04:42:38:eb,UCR-SECURE,-58
2026-02-23 23:17:13.116719,02:d0:04:42:38:eb,UCR-SECURE,-53
2026-02-23 23:17:13.213244,02:d0:04:42:38:eb,UCR-SECURE,-55
2026-02-23 23:17:13.852750,06:a8:a6:67:25:86,<Broadcast>,-85
2026-02-23 23:17:14.724771,0a:8c:a9:e6:63:57,<Broadcast>,-63
2026-02-23 23:17:14.779981,0a:8c:a9:e6:63:57,<Broadcast>,-62
2026-02-23 23:17:15.619519,42:a3:c7:db:b5:9f,<Broadcast>,-37
2026-02-23 23:17:15.638199,42:a3:c7:db:b5:9f,<Broadcast>,-36
2026-02-23 23:17:15.663000,42:a3:c7:db:b5:9f,<Broadcast>,-36
2026-02-23 23:17:15.705427,42:a3:c7:db:b5:9f,<Broadcast>,-38
2026-02-23 23:17:18.163483,26:b5:e5:f3:2d:1c,<Broadcast>,-54
2026-02-23 23:17:18.180797,26:b5:e5:f3:2d:1c,<Broadcast>,-54
2026-02-23 23:17:18.318557,32:95:2a:c1:74:6f,UCR-SECURE,-79
2026-02-23 23:17:20.404906,86:45:aa:eb:8d:e0,<Broadcast>,-85
2026-02-23 23:17:24.168143,a6:b0:31:d9:a7:54,<Broadcast>,-64
2026-02-23 23:17:24.737179,42:a3:c7:db:b5:9f,<Broadcast>,-47
2026-02-23 23:17:24.783056,42:a3:c7:db:b5:9f,<Broadcast>,-39
2026-02-23 23:17:24.818927,42:a3:c7:db:b5:9f,<Broadcast>,-37
2026-02-23 23:17:26.827529,e2:51:9c:62:de:76,UCR-SECURE,-72
2026-02-23 23:17:26.886899,e2:51:9c:62:de:76,UCR-SECURE,-69
2026-02-23 23:17:28.068095,56:98:b1:02:70:47,<Broadcast>,-60
2026-02-23 23:17:28.085098,56:98:b1:02:70:47,<Broadcast>,-59
2026-02-23 23:17:29.789540,2a:4a:4f:56:10:b5,<Broadcast>,-81
2026-02-23 23:17:29.809352,2a:4a:4f:56:10:b5,<Broadcast>,-83
2026-02-23 23:17:31.308294,66:d2:83:4a:32:0c,<Broadcast>,-53
2026-02-23 23:17:31.328100,66:d2:83:4a:32:0c,<Broadcast>,-52
2026-02-23 23:17:31.355286,36:03:41:a8:df:3f,<Broadcast>,-51
2026-02-23 23:17:31.379584,36:03:41:a8:df:3f,<Broadcast>,-51
2026-02-23 23:17:32.470264,72:f4:ed:cb:6c:96,<Broadcast>,-51
2026-02-23 23:17:32.489739,72:f4:ed:cb:6c:96,<Broadcast>,-53
2026-02-23 23:17:32.518873,32:03:18:15:f6:fa,<Broadcast>,-57
2026-02-23 23:17:32.535762,32:03:18:15:f6:fa,<Broadcast>,-56
2026-02-23 23:17:32.578751,6e:42:69:c2:18:a5,<Broadcast>,-53
2026-02-23 23:17:32.583355,6e:42:69:c2:18:a5,<Broadcast>,-53
2026-02-23 23:17:34.025775,42:a3:c7:db:b5:9f,<Broadcast>,-38
2026-02-23 23:17:34.061793,42:a3:c7:db:b5:9f,<Broadcast>,-38
2026-02-23 23:17:34.083036,42:a3:c7:db:b5:9f,<Broadcast>,-39
2026-02-23 23:17:34.119479,42:a3:c7:db:b5:9f,<Broadcast>,-38
2026-02-23 23:17:36.793145,e2:51:9c:62:de:76,UCR-SECURE,-76
2026-02-23 23:17:37.264666,62:c4:96:bb:50:9e,<Broadcast>,-81
2026-02-23 23:17:39.582145,8e:63:a7:8e:f9:3f,UCR-SECURE,-81
2026-02-23 23:17:43.209362,42:a3:c7:db:b5:9f,<Broadcast>,-46
2026-02-23 23:17:43.255481,42:a3:c7:db:b5:9f,<Broadcast>,-39
2026-02-23 23:17:43.274250,42:a3:c7:db:b5:9f,<Broadcast>,-38
2026-02-23 23:17:43.295663,42:a3:c7:db:b5:9f,<Broadcast>,-35
2026-02-23 23:17:43.327720,ba:96:8a:3e:3a:93,<Broadcast>,-63
2026-02-23 23:17:43.337162,42:a3:c7:db:b5:9f,<Broadcast>,-37
2026-02-23 23:17:43.402353,7e:16:d7:61:69:a8,<Broadcast>,-63
2026-02-23 23:17:43.421215,7e:16:d7:61:69:a8,<Broadcast>,-63
2026-02-23 23:17:46.572392,e2:51:9c:62:de:76,UCR-SECURE,-80
2026-02-23 23:17:46.652093,f6:3e:10:af:21:f9,<Broadcast>,-84
2026-02-23 23:17:47.334148,6a:8f:44:80:2b:cd,UCR-SECURE,-77
2026-02-23 23:17:48.613424,6a:8f:44:80:2b:cd,UCR-SECURE,-76
2026-02-23 23:17:48.913344,92:5e:97:86:25:74,<Broadcast>,-67
2026-02-23 23:17:48.931659,92:5e:97:86:25:74,<Broadcast>,-67
2026-02-23 23:17:49.009290,a6:15:4a:5f:5d:45,<Broadcast>,-64
2026-02-23 23:17:49.029082,a6:15:4a:5f:5d:45,<Broadcast>,-62
2026-02-23 23:17:49.266614,ba:94:fe:04:e3:4a,<Broadcast>,-68
2026-02-23 23:17:49.362053,72:70:50:86:4a:a6,<Broadcast>,-71
2026-02-23 23:17:50.184419,76:ef:2c:bd:a8:7b,<Broadcast>,-49
2026-02-23 23:17:50.193320,76:ef:2c:bd:a8:7b,<Broadcast>,-50
2026-02-23 23:17:50.276655,1a:0a:02:5d:ac:e4,UCR-SECURE,-84
2026-02-23 23:17:50.296394,1a:0a:02:5d:ac:e4,UCR-SECURE,-87
2026-02-23 23:17:52.037835,b2:99:55:ed:3e:d4,<Broadcast>,-62
2026-02-23 23:17:52.264234,a6:57:2c:40:92:5e,<Broadcast>,-60
2026-02-23 23:17:52.282808,a6:57:2c:40:92:5e,<Broadcast>,-64
2026-02-23 23:17:52.402785,42:a3:c7:db:b5:9f,<Broadcast>,-44
2026-02-23 23:17:52.475519,42:a3:c7:db:b5:9f,<Broadcast>,-36
2026-02-23 23:17:52.491379,42:a3:c7:db:b5:9f,<Broadcast>,-35
2026-02-23 23:17:52.536237,42:a3:c7:db:b5:9f,<Broadcast>,-37
2026-02-23 23:17:52.609352,c6:3b:62:ba:08:03,<Broadcast>,-62
2026-02-23 23:17:52.627758,c6:3b:62:ba:08:03,<Broadcast>,-68
2026-02-23 23:17:52.956120,9e:e7:44:e0:52:da,<Broadcast>,-61
2026-02-23 23:17:52.971661,9e:e7:44:e0:52:da,<Broadcast>,-62
2026-02-23 23:17:53.592124,5e:f6:b5:c2:43:84,<Broadcast>,-60
2026-02-23 23:17:53.610585,5e:f6:b5:c2:43:84,<Broadcast>,-59
2026-02-23 23:17:53.930287,1a:d2:2f:0c:d8:09,<Broadcast>,-60
2026-02-23 23:17:53.942754,1a:d2:2f:0c:d8:09,<Broadcast>,-59
2026-02-23 23:17:54.265272,8a:2c:02:c9:bc:53,<Broadcast>,-61
2026-02-23 23:17:54.300631,8a:2c:02:c9:bc:53,<Broadcast>,-58
2026-02-23 23:17:54.795121,fa:21:80:c5:4c:60,<Broadcast>,-65
2026-02-23 23:17:54.851525,fa:21:80:c5:4c:60,<Broadcast>,-62
2026-02-23 23:17:55.291077,fe:b1:c6:0d:87:db,<Broadcast>,-67
2026-02-23 23:17:55.347687,fe:b1:c6:0d:87:db,<Broadcast>,-64
2026-02-23 23:17:55.402360,36:36:7c:d9:10:4b,<Broadcast>,-65
2026-02-23 23:17:55.461292,36:36:7c:d9:10:4b,<Broadcast>,-61
2026-02-23 23:18:00.304466,62:c4:96:bb:50:9e,<Broadcast>,-76
2026-02-23 23:18:00.978992,fa:e1:66:56:5d:33,<Broadcast>,-55
2026-02-23 23:18:00.997570,fa:e1:66:56:5d:33,<Broadcast>,-56
2026-02-23 23:18:01.081032,c6:a8:33:55:c6:80,<Broadcast>,-60
2026-02-23 23:18:01.099653,c6:a8:33:55:c6:80,<Broadcast>,-60
2026-02-23 23:18:01.673984,42:a3:c7:db:b5:9f,<Broadcast>,-35
2026-02-23 23:18:01.690965,42:a3:c7:db:b5:9f,<Broadcast>,-33
2026-02-23 23:18:01.713197,42:a3:c7:db:b5:9f,<Broadcast>,-32
2026-02-23 23:18:01.758565,42:a3:c7:db:b5:9f,<Broadcast>,-36
2026-02-23 23:18:05.739302,56:38:e8:8f:4f:35,TMobileWingman,-81
2026-02-23 23:18:05.759208,56:38:e8:8f:4f:35,TMobileWingman,-81
2026-02-23 23:18:05.762313,da:da:aa:7b:b9:31,<Broadcast>,-81
2026-02-23 23:18:05.831747,9a:bf:40:a2:1f:d5,TMobileWingman,-82
2026-02-23 23:18:05.862637,ee:41:a1:e1:8a:f0,<Broadcast>,-82
2026-02-23 23:18:10.728008,10:f6:0a:c0:d6:d6,<Broadcast>,-81
2026-02-23 23:18:10.765693,42:a3:c7:db:b5:9f,<Broadcast>,-38
2026-02-23 23:18:10.786160,42:a3:c7:db:b5:9f,<Broadcast>,-36
2026-02-23 23:18:10.810991,42:a3:c7:db:b5:9f,<Broadcast>,-34
2026-02-23 23:18:10.853803,42:a3:c7:db:b5:9f,<Broadcast>,-39
2026-02-23 23:18:19.272681,32:2d:73:81:5c:3e,<Broadcast>,-82
2026-02-23 23:18:20.071628,42:a3:c7:db:b5:9f,<Broadcast>,-35
2026-02-23 23:18:20.109988,42:a3:c7:db:b5:9f,<Broadcast>,-35
2026-02-23 23:18:20.143741,42:a3:c7:db:b5:9f,<Broadcast>,-35
2026-02-23 23:18:28.967035,42:a3:c7:db:b5:9f,<Broadcast>,-44
2026-02-23 23:18:29.021939,42:a3:c7:db:b5:9f,<Broadcast>,-36
2026-02-23 23:18:29.032518,42:a3:c7:db:b5:9f,<Broadcast>,-37
2026-02-23 23:18:29.101329,42:a3:c7:db:b5:9f,<Broadcast>,-35
2026-02-23 23:18:34.543545,5e:49:fc:6b:ea:da,<Broadcast>,-50
2026-02-23 23:18:34.563190,5e:49:fc:6b:ea:da,<Broadcast>,-49
2026-02-23 23:18:34.590012,f2:ad:c1:12:d5:1c,<Broadcast>,-50
2026-02-23 23:18:34.610693,f2:ad:c1:12:d5:1c,<Broadcast>,-51
2026-02-23 23:18:36.310352,c2:37:cc:08:02:b2,<Broadcast>,-70
2026-02-23 23:18:36.862104,3e:ef:02:52:7c:72,UCR-SECURE,-79
2026-02-23 23:18:36.969595,2e:53:10:aa:5f:01,<Broadcast>,-55
2026-02-23 23:18:36.979073,2e:53:10:aa:5f:01,<Broadcast>,-54
2026-02-23 23:18:40.616547,42:a3:c7:db:b5:9f,<Broadcast>,-37
2026-02-23 23:18:40.637259,42:a3:c7:db:b5:9f,<Broadcast>,-34
2026-02-23 23:18:40.658298,42:a3:c7:db:b5:9f,<Broadcast>,-36
2026-02-23 23:18:40.713961,42:a3:c7:db:b5:9f,<Broadcast>,-36
2026-02-23 23:18:43.360146,26:9a:d7:0f:b9:51,<Broadcast>,-80
2026-02-23 23:18:48.582311,62:c4:96:bb:50:9e,<Broadcast>,-73
2026-02-23 23:18:48.602516,62:c4:96:bb:50:9e,<Broadcast>,-75
2026-02-23 23:18:48.977773,5e:1e:46:01:57:e3,UCR-SECURE,-62
2026-02-23 23:18:48.997593,5e:1e:46:01:57:e3,UCR-SECURE,-62
2026-02-23 23:18:49.101978,5e:1e:46:01:57:e3,UCR-SECURE,-62
2026-02-23 23:18:49.106146,5e:1e:46:01:57:e3,UCR-SECURE,-63
2026-02-23 23:18:49.582488,b6:8b:f8:dd:21:9c,<Broadcast>,-56
2026-02-23 23:18:49.665619,9a:1c:0d:32:a3:bd,<Broadcast>,-65
2026-02-23 23:18:49.800590,42:a3:c7:db:b5:9f,<Broadcast>,-35
2026-02-23 23:18:49.819886,42:a3:c7:db:b5:9f,<Broadcast>,-33
2026-02-23 23:18:49.842838,42:a3:c7:db:b5:9f,<Broadcast>,-33
2026-02-23 23:18:49.887626,42:a3:c7:db:b5:9f,<Broadcast>,-35
2026-02-23 23:18:50.143086,c2:1c:80:9b:69:e2,<Broadcast>,-66
2026-02-23 23:18:53.978250,96:ea:2c:8f:3d:ce,<Broadcast>,-48
2026-02-23 23:18:53.997492,96:ea:2c:8f:3d:ce,<Broadcast>,-49
2026-02-23 23:18:54.024860,e6:84:c0:66:86:b4,<Broadcast>,-48
2026-02-23 23:18:54.043864,e6:84:c0:66:86:b4,<Broadcast>,-49
2026-02-23 23:18:54.241287,9a:b4:7a:f3:d1:a1,<Broadcast>,-57
2026-02-23 23:18:54.246933,9a:b4:7a:f3:d1:a1,<Broadcast>,-58
2026-02-23 23:18:54.256603,46:a3:b0:59:55:69,<Broadcast>,-61
2026-02-23 23:18:54.275499,46:a3:b0:59:55:69,<Broadcast>,-62
2026-02-23 23:18:55.260145,9c:12:21:2e:35:0b,UCR-SECURE,-81
2026-02-23 23:18:55.262542,9c:12:21:2e:35:0b,UCR-SECURE,-81
2026-02-23 23:18:56.063408,aa:fb:3f:0e:d4:8d,<Broadcast>,-53
2026-02-23 23:18:56.105374,7a:2d:75:77:e7:72,<Broadcast>,-59
2026-02-23 23:18:56.220890,a6:36:93:7c:ab:ed,<Broadcast>,-61
2026-02-23 23:18:56.857282,2a:bf:03:67:ee:6e,<Broadcast>,-52
2026-02-23 23:18:56.875944,2a:bf:03:67:ee:6e,<Broadcast>,-52
2026-02-23 23:18:56.904502,3e:ba:7f:da:1e:e4,<Broadcast>,-59
2026-02-23 23:18:56.923883,3e:ba:7f:da:1e:e4,<Broadcast>,-54
2026-02-23 23:18:57.160382,5e:1e:46:01:57:e3,UCR-SECURE,-61
2026-02-23 23:18:57.187183,5e:1e:46:01:57:e3,UCR-SECURE,-59
2026-02-23 23:18:57.214278,5e:1e:46:01:57:e3,UCR-SECURE,-57
2026-02-23 23:18:57.221754,5e:1e:46:01:57:e3,UCR-SECURE,-57
2026-02-23 23:18:57.513022,5e:1e:46:01:57:e3,UCR-SECURE,-72
2026-02-23 23:18:57.529924,5e:1e:46:01:57:e3,UCR-SECURE,-73
2026-02-23 23:18:58.971052,b6:00:52:3f:3e:13,<Broadcast>,-82
2026-02-23 23:18:59.009984,46:6e:8d:bd:46:d4,<Broadcast>,-48
2026-02-23 23:18:59.127040,42:a3:c7:db:b5:9f,<Broadcast>,-38
2026-02-23 23:18:59.173269,42:a3:c7:db:b5:9f,<Broadcast>,-36
2026-02-23 23:18:59.213086,42:a3:c7:db:b5:9f,<Broadcast>,-29
2026-02-23 23:18:59.255642,42:a3:c7:db:b5:9f,<Broadcast>,-38
2026-02-23 23:18:59.366060,0a:f7:14:bf:40:f2,<Broadcast>,-52
2026-02-23 23:18:59.716694,fa:2b:8b:61:4e:77,<Broadcast>,-53
2026-02-23 23:18:59.736016,fa:2b:8b:61:4e:77,<Broadcast>,-53
2026-02-23 23:19:01.182387,ee:ae:70:b3:f8:e1,UCR-SECURE,-76
2026-02-23 23:19:04.974438,1e:ef:c7:e2:85:e7,UCR-SECURE,-68
2026-02-23 23:19:05.498611,9e:77:93:0b:9b:39,UCR-SECURE,-60
2026-02-23 23:19:07.181420,3e:2b:f5:4b:f8:f3,UCR-SECURE,-64
